id,name,geocode_status,resolution_level,anchor_approved,geocode_error,score,matched_query,city,region,lat,lng,matched_address,image_status,image_file,image_match_score,image_search,image_source,image_license,generated_update,image_approved
000b9cf0-b53f-4546-8840-ba364d586682,Cheshire Services Ethiopia Center,existing,,False,,,,,,,,,no_match,,,,,,False,False
00294e3d-1208-4208-a015-996c71cf9738,Gorgora Northern Lake Tana Dock,existing,,False,,,,,,,,,matched,destination-images/gorgora-northern-lake-tana-dock/cover.webp,0.667,gorgora tana,https://commons.wikimedia.org/wiki/File:ET_Amhara_asv2018-02_img033_Lake_Tana_at_Gorgora.jpg,FAL,True,True
0051e3e0-cdf6-4292-8b3f-55e0cf27bec7,Mentewab Palace Grounds,existing,,False,,,,,,,,,no_match,,,,,,False,False
00620588-4ca4-48fa-90d5-3eba0e18392b,Erta Ale Active Volcano Lava Hazards Field,existing,,False,,,,,,,,,matched,destination-images/erta-ale-active-volcano-lava-hazards-field/cover.webp,0.5,erta ale,https://commons.wikimedia.org/wiki/File:Erta-ale_lac-de-lave_2001.jpg,CC BY 2.5,True,True
007b0123-edb6-4112-8470-9c97d02e180a,Mount Belaya Wilderness Trek,existing,,False,,,,,,,,,no_match,,,,,,False,False
00e4f04e-be64-4f35-8e8f-41d59df6a948,Asella Referral Hospital,existing,,False,,,,,,,,,no_match,,,,,,False,False
0113fde5-2ea6-4aeb-965d-64901480d8c0,Jinka Urban Hub,existing,,False,,,,,,,,,no_match,,,,,,False,False
0172040d-afdc-49d2-a38e-f7c51cb36544,Assosa Bamboo & Mango Farms,existing,,False,,,,,,,,,no_match,,,,,,False,False
01a955e4-eb2e-4586-9b0d-5ab3c563c175,Kotebe Sports Education Center Complex,existing,,False,,,,,,,,,no_match,,,,,,False,False
022c139e-027b-4c2b-b90f-103bdcf0f824,Menz Guassa High-Altitude Pastoral Communities,existing,,False,,,,,,,,,no_match,,,,,,False,False
02327ceb-e29b-4d7e-8904-dd4c8f1c7944,Bishoftu Town Crater Lake City Circuit,existing,,False,,,,,,,,,matched,destination-images/bishoftu-town-crater-lake-city-circuit/cover.webp,0.5,bishoftu crater,https://commons.wikimedia.org/wiki/File:Goat_eating_leaves_near_Green_Crater_Lake_in_Bishoftu_December_2017.jpg,CC BY-SA 4.0,True,True
0255ec62-2fd1-40be-ac57-209276df35e9,Massacre Memorial of Wondo Genet,existing,,False,,,,,,,,,no_match,,,,,,False,False
02890b20-0688-473d-98ed-09a1e4d3a042,Bishoftu Natural Hot Springs Wellness Retreats,existing,,False,,,,,,,,,no_match,,,,,,False,False
02c8223e-334d-47e5-b354-7fca28aada4f,Sheka Forest Biosphere Reserve,existing,,False,,,,,,,,,no_match,,,,,,False,False
032ca2c4-2e8c-4a0f-9b3e-0df565405328,Battlefield of Dogali Memorial Monument,existing,,False,,,,,,,,,matched,destination-images/battlefield-of-dogali-memorial-monument/cover.webp,0.667,dogali monument,https://commons.wikimedia.org/wiki/File:Dogali_Monument.jpg,CC BY 2.0,True,True
037f40de-3fe9-4a23-9b9e-bf17b49de895,Bebeka Coffee Estate,existing,,False,,,,,,,,,no_match,,,,,,False,False
0383471e-05bb-422a-872c-430f3ecf90b0,Bob Marley Statue & Imperial Square,existing,,False,,,,,,,,,matched,,0.5,bob marley,https://commons.wikimedia.org/wiki/File:Bob_Marley_and_Che_Guevara_-_Side_by_Side_-_Market_-_Adigrat_-_Ethiopia_(8707734386).jpg,CC BY-SA 2.0,False,False
039c265c-7824-4623-8e6a-455de2877896,Grand Palace Hotel Meeting Rooms,existing,,False,,,,,,,,,no_match,,,,,,False,False
03a350a1-6dbb-4dcb-a64a-20c725d254b9,Gondar City Center & Imperial Precincts,existing,,False,,,,,,,,,no_match,,,,,,False,False
03b49d09-289b-46f3-a0a6-911ce7e8b65c,Chebera Churchura National Park,existing,,False,,,,,,,,,matched,destination-images/chebera-churchura-national-park/cover.webp,1.0,Chebera Churchura National Park,https://commons.wikimedia.org/wiki/File:A_photographer_capturing_hippopotamus_in_at_Chebera_Churchura_National_Park.jpg,CC BY-SA 4.0,True,True
03fdc7fc-8467-46cf-a763-6e088fde3e14,Dembel City Center Ramp Outlets,existing,,False,,,,,,,,,no_match,,,,,,False,False
03fee98a-a4f1-406e-ac0b-2db9aa5a2915,Mizan Teferi Agro-Forestry Training Projects,existing,,False,,,,,,,,,no_match,,,,,,False,False
042b6c47-eb1e-4060-b3ae-61f66693e65e,Debre Libanos Monastery (Shewa),existing,,False,,,,,,,,,disabled,,,,,,False,False
04bb43b1-4136-46a9-923e-e6eb3baaa15d,Debre Libanos Historic Monastery Grounds,existing,,False,,,,,,,,,no_match,,,,,,False,False
04c8c45f-4738-457f-bf20-218105ff3170,Kambaata Highland Agriculture Terraces,existing,,False,,,,,,,,,no_match,,,,,,False,False
04ea15b4-829e-4e66-9db0-208eb90ce212,Chencha Dorze Public Bamboo Trail,existing,,False,,,,,,,,,matched,destination-images/chencha-dorze-public-bamboo-trail/cover.webp,0.5,chencha dorze,https://commons.wikimedia.org/wiki/File:Chencha_market_02.jpg,CC BY-SA 3.0,True,True
051f97af-5ce3-4bb0-853a-7c6ae6c5903b,Jan Meda Public Park,existing,,False,,,,,,,,,matched,destination-images/jan-meda-public-park/cover.webp,1.0,jan meda addis,https://commons.wikimedia.org/wiki/File:Temkat_Celebration_Addis_Ababa_Jan_Meda.jpg,CC BY-SA 4.0,True,True
055d7202-aec8-4194-afdf-f775c86e4cd5,Harari Rural Farming Outskirts,existing,,False,,,,,,,,,matched,destination-images/harari-rural-farming-outskirts/cover.webp,0.5,harari outskirts,https://commons.wikimedia.org/wiki/File:Harari_Lanscape_(2203213748).jpg,CC BY 2.0,True,True
0561e3f5-fc79-4bc0-a204-848d49c202f8,Senkele Hartebeest Sanctuary Conservation Base,existing,,False,,,,,,,,,no_match,,,,,,False,False
0562a30c-63b6-4c1a-9d52-8cc443b9d1f1,Kuriftu Resort & Spa Lakefront Luxury,existing,,False,,,,,,,,,no_match,,,,,,False,False
0576571c-aa6c-4d55-9f83-39ad11d50442,Axum Stelae Artisans Market,existing,,False,,,,,,,,,no_match,,,,,,False,False
0601c42b-9a91-41fe-a460-4708f4d35127,Gura Dhamole Rural Belt,existing,,False,,,,,,,,,no_match,,,,,,False,False
0621462d-39b6-421d-93c2-36425fc9ba8c,Gotera & Sarbet Metropolitan Belts,existing,,False,,,,,,,,,no_match,,,,,,False,False
06546a02-bb0a-491b-8fa5-4c3ecb590753,Marriott Executive Apartments Sauna & Wellness,existing,,False,,,,,,,,,no_match,,,,,,False,False
065fbdd8-f6fe-4fd6-ade7-38b70500f4f3,Jinka Saturday Tribal Market,existing,,False,,,,,,,,,no_match,,,,,,False,False
06692b34-d8e7-4a29-bf58-74a899324989,Mekelle Relief & Rehabilitation Projects,existing,,False,,,,,,,,,no_match,,,,,,False,False
06929243-25f5-4b7f-818e-6770c4fd6500,Gofa Cultural Highlands,existing,,False,,,,,,,,,no_match,,,,,,False,False
069a3989-4cef-4a1f-9d1b-4adee39e6660,Science Museum Complex,existing,,False,,,,,,,,,no_match,,,,,,False,False
06e8bf00-f0ca-4393-b9a2-c04eb25fb2bc,Grand Royal Hotel Conference Center,existing,,False,,,,,,,,,no_match,,,,,,False,False
06f3b178-5219-4a8e-b9b5-be91e7219175,Mount Chilalo Stargazing Ridge,existing,,False,,,,,,,,,no_match,,,,,,False,False
06f6cccf-3b0c-4514-aac1-11d5c4531468,Wolayta Sodo Cultural Handicrafts Center,existing,,False,,,,,,,,,matched,destination-images/wolayta-sodo-cultural-handicrafts-center/cover.webp,1.0,wolayta sodo,https://commons.wikimedia.org/wiki/File:Wolayta_Sodo.jpg,CC BY-SA 4.0,True,True
0719dd1e-6986-49b7-b092-400e2548dfc5,Inter Luxury Hotel Conference Suites,existing,,False,,,,,,,,,no_match,,,,,,False,False
07384a8f-5e47-43e5-af76-0ed738a4f7f6,Kenenisa Hotel & High-Altitude Sports Complex,existing,,False,,,,,,,,,no_match,,,,,,False,False
073a802a-e42d-4440-89ba-36dffc6bc0f1,Sodere Resort Convention Center,existing,,False,,,,,,,,,matched,,0.5,sodere,https://commons.wikimedia.org/wiki/File:Campfire_Sodere.jpg,CC BY-SA 4.0,False,False
07732b82-a311-40cc-b641-f0118bb25bce,Raya Azebo Farming Communities,existing,,False,,,,,,,,,no_match,,,,,,False,False
079c543b-0632-403a-a752-7f7b63cd0037,Awi Agew Honey Wine Houses,existing,,False,,,,,,,,,no_match,,,,,,False,False
07e3c3e0-9588-41e5-a2b6-5865142da6e2,Debre Marqos Cathedral,existing,,False,,,,,,,,,no_match,,,,,,False,False
07e446b5-5b4a-4f84-bf73-d43ac8c07f2a,Yabello Desert Off-Road Trek,existing,,False,,,,,,,,,no_match,,,,,,False,False
08169283-0ecd-4fee-be90-3e80c16fb6f2,Senkele Swaynes Hartebeest Sanctuary,existing,,False,,,,,,,,,no_match,,,,,,False,False
081c2f68-7301-4e19-abf1-472b6b05f4b5,Woldiya Public Town Hillside,existing,,False,,,,,,,,,no_match,,,,,,False,False
084c39db-ea06-4008-9c00-26f7361f4330,Wolayta Sodo Highland Hamlets,existing,,False,,,,,,,,,no_match,,,,,,False,False
0873ce73-8dbd-4d59-a980-c8e5973b4de3,Hilton Addis Ababa Ballrooms & Grounds,existing,,False,,,,,,,,,no_match,,,,,,False,False
08e88666-1276-403b-972c-a82a3cedd23e,Dallol Sulfur Springs,existing,,False,,,,,,,,,matched,destination-images/dallol-sulfur-springs/cover.webp,0.5,Dallol Sulfur Springs,https://commons.wikimedia.org/wiki/File:ET_Afar_asv2018-01_img36_Dallol.jpg,FAL,True,True
0904c198-522d-4eae-909c-1a03548e3123,Getu Commercial Center,existing,,False,,,,,,,,,no_match,,,,,,False,False
098a3ef4-e0f9-4680-a0a3-531cd2363b7c,Sor River Canopy (Rainforest Avifauna),existing,,False,,,,,,,,,no_match,,,,,,False,False
099a81af-e0f6-4c9a-acb4-46edb6f64952,Petros and Paulos Monastery,existing,,False,,,,,,,,,disabled,,,,,,False,False
09c323bd-9d34-4fda-ac2f-15bce647102c,"Lalibela Rock-Hewn Churches (Bete Giyorgis, etc.)",existing,,False,,,,,,,,,matched,destination-images/lalibela-rock-hewn-churches-bete-giyorgis-etc/cover.webp,0.8,lalibela unesco,"https://commons.wikimedia.org/wiki/File:Priest_of_rock-Hewn_Churches_of_Lalibela,_a_high_place_of_Ethiopian_Christianity,_still_today_a_place_of_pilmigrage_and_devotion..jpg",CC BY-SA 3.0 igo,True,True
09cf80ad-8f11-4213-860c-c391cac7c1e4,Guji Gold & Pastoralist Villages,existing,,False,,,,,,,,,no_match,,,,,,False,False
09e458fc-9121-48c5-ab82-0a2d127ef57a,Wolayta Sodo Urban Center,existing,,False,,,,,,,,,matched,destination-images/wolayta-sodo-urban-center/cover.webp,1.0,wolayta sodo,https://commons.wikimedia.org/wiki/File:Wolayta_Sodo.jpg,CC BY-SA 4.0,True,True
0a100234-8028-4018-86a7-c3803711309e,Dire Dawa Date Palm Orchards,existing,,False,,,,,,,,,no_match,,,,,,False,False
0a20e07d-73dd-4284-ae5b-b631cc2cc559,Halala Kella Lodge Retreat & Spa,existing,,False,,,,,,,,,no_match,,,,,,False,False
0a2a2811-9f5b-4f9a-8074-5e180fd06d45,Dek Island Ferry Terminal,existing,,False,,,,,,,,,no_match,,,,,,False,False
0a56edc3-e173-4766-863d-d602923659eb,Abebe Bikila Stadium Accessible Seating Gate,existing,,False,,,,,,,,,no_match,,,,,,False,False
0a71af5a-b80e-43bd-91dd-060ce654e2b5,Woldiya Community Health Centers,existing,,False,,,,,,,,,no_match,,,,,,False,False
0a85ecd4-5c50-4860-b012-f6780d7ed2d3,Omo National Park (Big Game Safari),existing,,False,,,,,,,,,no_match,,,,,,False,False
0b2fc774-3a9b-4d36-8179-10da157097ac,Limalimo Lodge,existing,,False,,,,,,,,,no_match,,,,,,False,False
0b323a29-7996-4f3d-b524-51210f902bdd,Youth & Sports Academy Complex,existing,,False,,,,,,,,,no_match,,,,,,False,False
0b7eda7d-dfb8-456d-b691-d6ce2890ed58,Jan Meda Racecourse & Sports Ground,existing,,False,,,,,,,,,no_match,,,,,,False,False
0b82fd83-fb1a-48cb-b8f4-141efbd9cac2,Lake Ashenge Boating Shore,existing,,False,,,,,,,,,matched,destination-images/lake-ashenge-boating-shore/cover.webp,0.5,ashenge tigray,https://commons.wikimedia.org/wiki/File:Ashenge_NASA.jpg,Public domain,True,True
0bb81add-f212-4fa1-a84c-03ac54cb7b4e,Gura Dhamole Desert Night Sky Encampment,existing,,False,,,,,,,,,no_match,,,,,,False,False
0beb83f4-243e-4161-8657-8f7ce8b4d268,Babile Elephant Sanctuary Bush Trekking,existing,,False,,,,,,,,,no_match,,,,,,False,False
0bfc7ee8-ddd1-4b35-baa9-543a2a227862,Loleha High-End Eco-Lodge,existing,,False,,,,,,,,,no_match,,,,,,False,False
0bfd7934-abde-4fff-bd12-4a56358498a0,Ethio-Kenyan Border High-Altitude Cross-Country Trails,existing,,False,,,,,,,,,no_match,,,,,,False,False
0c0a0214-76e4-480e-8291-7d97965501da,Tekeze Dam Lake Boating & Fishing Dock,existing,,False,,,,,,,,,matched,destination-images/tekeze-dam-lake-boating-fishing-dock/cover.webp,0.667,tekeze dam,https://commons.wikimedia.org/wiki/File:Tekeze_dam_-_panoramio.jpg,CC BY-SA 3.0,True,True
0c0f9ce0-6896-4e41-a1fa-d5e3c229b28a,Gerbi Natural Hot Springs,existing,,False,,,,,,,,,no_match,,,,,,False,False
0c1a1191-572e-4565-b33c-18646387bc44,Lake Hora Water Sports & Boating Pier,existing,,False,,,,,,,,,no_match,,,,,,False,False
0c86b942-94ae-49d7-aee3-20c43cc50fe5,Capital Hotel & Spa Wellness Facilities,existing,,False,,,,,,,,,matched,,0.5,capital addis,"https://commons.wikimedia.org/wiki/File:Arch_in_Addis_Ababa,_the_capital_of_Ethiopia,_1985.jpg",Public domain,False,False
0cc86c22-d3a7-48d9-ac1a-1478f842b8ff,Dirre Sheikh Hussein Pilgrims Village,existing,,False,,,,,,,,,matched,destination-images/dirre-sheikh-hussein-pilgrims-village/cover.webp,0.667,sheikh hussein bale,https://commons.wikimedia.org/wiki/File:Sheikh_Hussein.jpg,CC BY-SA 3.0,True,True
0ce80aca-c141-4001-bc27-6c5a65e10179,Debre Damo Monastery,existing,,False,,,,,,,,,disabled,,,,,,False,False
0d1058d2-0ac5-4f62-904a-86b77a783a9f,Ethnological Museum,existing,,False,,,,,,,,,matched,destination-images/ethnological-museum/cover.webp,0.5,Ethnological Museum,https://commons.wikimedia.org/wiki/File:Ethnological_Museum_of_Ethiopia_in_Addis_Ababa.jpg,CC BY 4.0,True,True
0d291d6c-0210-408b-87a8-fbc919f72dc5,Dembi Waterfall & Forest Sanctuary,existing,,False,,,,,,,,,no_match,,,,,,False,False
0db2f2ba-292b-4bfd-a534-f3bbcf855467,Tekeze River Canyon Trekking,existing,,False,,,,,,,,,no_match,,,,,,False,False
0deb4635-ec6e-41d1-95cf-f0b0d2389259,Haile Resort Hawassa Convention Center,existing,,False,,,,,,,,,matched,,0.5,hawassa,https://commons.wikimedia.org/wiki/File:Hawassa_Stadium.jpg,CC BY-SA 4.0,False,False
0e063698-9ba5-4022-b19f-818523281e33,Marriott Executive Apartments Luxury Penthouses,existing,,False,,,,,,,,,no_match,,,,,,False,False
0e43bad9-7f39-4795-be9d-01fd987acf85,Awash National Park Arid Ecosystem Research Outpost,existing,,False,,,,,,,,,no_match,,,,,,False,False
0e4d4519-15ac-4164-95ff-67610eea618a,Bishoftu Pyramids Resort Meeting Facilities,existing,,False,,,,,,,,,no_match,,,,,,False,False
0e620435-6085-42a3-83a5-850fef257e71,Fincha Dam Lake Water Tours,existing,,False,,,,,,,,,no_match,,,,,,False,False
0e95b8df-daa1-4410-a730-189befba6f99,Arba Minch Crocodile Ranch Trail Running Loop,existing,,False,,,,,,,,,no_match,,,,,,False,False
0f2b4014-1411-4d39-9d1f-ab7c9840a894,Gojjam Teff Farming Cooperatives,existing,,False,,,,,,,,,no_match,,,,,,False,False
0f3ec61a-c1a4-4baf-bfdc-6913b4805a5c,Yeha Village Public Walkway,existing,,False,,,,,,,,,no_match,,,,,,False,False
0f49f40b-5d9b-48c8-900f-c01e75ff02c0,Addis Ababa City Center (Meskel Square & Imperial Zones),existing,,False,,,,,,,,,matched,destination-images/addis-ababa-city-center-meskel-square-imperial-zones/cover.webp,0.8,meskel square addis ababa,"https://commons.wikimedia.org/wiki/File:Meskel_Square,_Addis_Ababa.jpg",CC BY 3.0 pl,True,True
0f779742-b201-49c7-858f-d1eadb6516b3,Lalibela Rock Churches,existing,,False,,,,,,,,,matched,destination-images/lalibela-rock-churches/cover.webp,1.0,Lalibela Rock Churches,https://commons.wikimedia.org/wiki/File:Priest_Sits_outside_Northwestern_Cluster_of_Rock-Hewn_Churches_-_Lalibela_-_Ethiopia_(8730960585).jpg,CC BY-SA 2.0,True,True
0f7c84bd-4645-4e2b-b0c8-c603b9a940b1,Entoto Mountain Zipline & Rope Course,existing,,False,,,,,,,,,no_match,,,,,,False,False
0fa2359e-59e0-4cb3-867c-b289e8e9a009,Silte Mixed Agro-Farms,existing,,False,,,,,,,,,no_match,,,,,,False,False
0fb928af-dda8-4f10-8883-ac29911ded6d,Ankober Escarpment Rift Valley Wall Views,existing,,False,,,,,,,,,no_match,,,,,,False,False
0ff366be-2732-444c-bad4-160e65b47fb1,Lalibela Surrounding Highland Hamlets,existing,,False,,,,,,,,,no_match,,,,,,False,False
10428c4d-037c-4235-a04c-81eeedfcbb52,Jinka South Omo Health & Education Volunteer Base,existing,,False,,,,,,,,,matched,destination-images/jinka-south-omo-health-education-volunteer-base/cover.webp,0.667,jinka south omo,https://commons.wikimedia.org/wiki/File:South-Omo_Museum_(12007429703).jpg,CC BY 2.0,True,True
106667fc-ad59-4c8f-9c5f-52b2f5ae9284,Harar Jugol (Historic Walled City),existing,,False,,,,,,,,,disabled,,,,,,False,False
1083c39b-85cc-457d-9a68-518fe138f7be,Addis Ababa Italian Occupation Fortifications,existing,,False,,,,,,,,,no_match,,,,,,False,False
10995a8c-f549-4261-9251-3c7e872b92b8,Argobba Heritage Villages,existing,,False,,,,,,,,,no_match,,,,,,False,False
10a673a7-4637-4406-b3ce-1ba3b0959686,Lake Babogaya Kayak & Boat Launches,existing,,False,,,,,,,,,no_match,,,,,,False,False
10aad439-21ab-49ae-bad6-cd8d0e02d12f,Teppi Coffee & Spice Plantation Estate,existing,,False,,,,,,,,,no_match,,,,,,False,False
10c92854-678b-4c37-9275-8d10f798aa6d,Entoto Planetarium Complex,existing,,False,,,,,,,,,no_match,,,,,,False,False
10cae156-391a-4c15-9fa6-2d9adfd70352,Gidole Terraces & Rural Hamlets,existing,,False,,,,,,,,,no_match,,,,,,False,False
113b58ce-45b5-4569-89d4-f5f7ca88df14,Kadisco General Hospital,existing,,False,,,,,,,,,no_match,,,,,,False,False
1199349e-9884-4cf4-9829-6629cbdc454a,Nechisar National Park Anti-Poaching Base,existing,,False,,,,,,,,,no_match,,,,,,False,False
11d5d687-cf9d-4d2e-80fa-c16dc4bc2d07,Sabana Beach Resort Main Level Pavilions,existing,,False,,,,,,,,,no_match,,,,,,False,False
123cfd93-3039-4f07-a333-891d1dae1ff3,Adama Central Commercial Market,existing,,False,,,,,,,,,no_match,,,,,,False,False
128ea5e5-e0c7-4b55-ab19-15fcaa579189,Masha Rainforest Honey Villages,existing,,False,,,,,,,,,no_match,,,,,,False,False
128fc595-bc5c-412c-9acb-c322347df6f3,Gorgora Eco-Resort Marina Complex,existing,,False,,,,,,,,,no_match,,,,,,False,False
12d7c2e5-6f22-407c-b6f5-f9d62a3f7e4f,Hyatt Regency Oasis Spa,existing,,False,,,,,,,,,no_match,,,,,,False,False
131993b4-a8b5-41cb-a8d1-5e2610dfd540,Bishoftu Lake Kilole Water Outpost,existing,,False,,,,,,,,,matched,destination-images/bishoftu-lake-kilole-water-outpost/cover.webp,0.5,kilole bishoftu,https://commons.wikimedia.org/wiki/File:Bishoftu_volcanic_field.jpg,Public domain,True,True
133d233e-e6d0-4a8e-803a-7a7b8b5bde07,Metu Town Center,existing,,False,,,,,,,,,no_match,,,,,,False,False
13e068c7-3d20-4a4e-b74b-3b403ab237a2,Abuna Yemata Guh Rock Climb,existing,,False,,,,,,,,,matched,destination-images/abuna-yemata-guh-rock-climb/cover.webp,0.6,Abuna Yemata Guh Rock Climb,https://commons.wikimedia.org/wiki/File:Abuna_Yemata_Guh_Monk.jpg,CC BY-SA 2.0,True,True
142fb748-0f18-4bf9-841b-11aa0b15611d,Gondar City Center Public Walkway,existing,,False,,,,,,,,,no_match,,,,,,False,False
146f6075-c877-4699-affe-e3d724587aa7,Dorze Eco-Lodge & Cultural Highlands,existing,,False,,,,,,,,,no_match,,,,,,False,False
148034e4-7fe4-4dad-8d25-5be713fff5fe,Yabello Borena Cattle Breeding Research Center,existing,,False,,,,,,,,,no_match,,,,,,False,False
14cd6748-c252-4f1d-af1b-7145c3d63012,Lalibela Church Street Craft & Cross Vendors,existing,,False,,,,,,,,,no_match,,,,,,False,False
14dcdb3b-f234-4f0e-9ddb-270c10ebcc13,Assab Road Historical Conflict Sites,existing,,False,,,,,,,,,no_match,,,,,,False,False
14f1955f-8954-4783-bac3-6c65d261f23b,Al-Nejashi Shrine,existing,,False,,,,,,,,,no_match,,,,,,False,False
14fcb4c1-abbd-41c3-b00f-cf1decb0777c,Lake Ziway Gelila Island Boat Trail,existing,,False,,,,,,,,,no_match,,,,,,False,False
151689f0-1345-4c94-8b5e-4cf3b59dfae8,Chebera Churchura National Park (African Elephants),existing,,False,,,,,,,,,no_match,,,,,,False,False
154e92cf-82ab-4022-9339-7a382efd7a69,Semera Afar Plain Astronomical Observation Sites,existing,,False,,,,,,,,,no_match,,,,,,False,False
155560ee-ef59-4e8f-9b0a-da01cfb2db33,Gerbi Natural Hot Springs Retreat,existing,,False,,,,,,,,,no_match,,,,,,False,False
15580d30-aaf4-41e6-8928-1b7ce0c5b9d7,Tomoca Coffee Original Shop,existing,,False,,,,,,,,,no_match,,,,,,False,False
15b19af3-fa80-42e8-a887-582c31528014,Gondar Saturday Market,existing,,False,,,,,,,,,no_match,,,,,,False,False
15d4cc48-4db3-4cbb-91c9-c60fa8b4dc57,Lewi Resort & Wellness Spa,existing,,False,,,,,,,,,no_match,,,,,,False,False
15f2bcde-0809-406f-8919-09b8f795e41a,Menz Mama Midir Wool Farming Hamlets,existing,,False,,,,,,,,,no_match,,,,,,False,False
160260ef-113c-4092-b084-b9344923802e,Bole Medhanealem Modern Fusion & Bistro Belt,existing,,False,,,,,,,,,no_match,,,,,,False,False
160cbdd9-963a-4959-8f22-f565a0621de3,Suba Forest Tree Planting Volunteers Hub,existing,,False,,,,,,,,,no_match,,,,,,False,False
1618e41c-dd41-468c-bc4d-eb68f0980534,Geralle National Park (Giraffes & Gazelles),existing,,False,,,,,,,,,no_match,,,,,,False,False
16716603-1c73-4a69-b4e5-aa9673c399fd,Wushwush Tea Estate & Factory,existing,,False,,,,,,,,,no_match,,,,,,False,False
16b17298-cf95-44da-b6a5-4c1bce95c425,Imperial Club Sports Facilities,existing,,False,,,,,,,,,no_match,,,,,,False,False
16c62e77-ebbe-46f9-ac95-2a3784f4b47b,Haile Resort Hawassa Private Boat Pier,existing,,False,,,,,,,,,matched,destination-images/haile-resort-hawassa-private-boat-pier/cover.webp,0.667,boat hawassa,"https://commons.wikimedia.org/wiki/File:Reed_Boat,_Lake_Hawassa_(10903076965).jpg",CC BY-SA 2.0,True,True
171119ef-dd22-425f-93bc-654ef09a656a,Menz Guassa Silent Wilderness Camp,existing,,False,,,,,,,,,no_match,,,,,,False,False
17182a01-db5e-4920-b6bb-5927b96a2ccb,Silte Halawa & Traditional Confectionery Outlets,existing,,False,,,,,,,,,no_match,,,,,,False,False
17520cea-bed8-4aa0-b020-30e597001408,Lake Kuriftu Waterpark Boating Marina,existing,,False,,,,,,,,,no_match,,,,,,False,False
175f8db8-fab1-4154-8709-8b21e6b308e7,Lake Hayq & Stephens Monastery Sanctuary,existing,,False,,,,,,,,,no_match,,,,,,False,False
1776863c-a67a-47a1-a39b-1ff5f28972a2,Yaya Africa Athletics Village,existing,,False,,,,,,,,,matched,destination-images/yaya-africa-athletics-village/cover.webp,1.0,Yaya Africa Athletics Village,https://commons.wikimedia.org/wiki/File:Yaya_Africa_Athletics_Village.jpg,CC BY-SA 3.0,True,True
1780d35c-2488-4b5e-b3ae-042a32f6c0b7,Filwoha Thermal Mineral Baths,existing,,False,,,,,,,,,no_match,,,,,,False,False
17cdd081-8692-4079-ad33-6a5c3db45ad7,Dil Chora Hospital,existing,,False,,,,,,,,,matched,destination-images/dil-chora-hospital/cover.webp,1.0,Dil Chora Hospital,"https://commons.wikimedia.org/wiki/File:Dil_Chora_Hospital,_Dire_Dawa,_Ethiopia,_2010_(5117158873).jpg",CC BY 2.0,True,True
1802b841-f5a4-49fe-9c32-efbd4b5e966e,Dirre Sheikh Hussein Sacred Site,existing,,False,,,,,,,,,no_match,,,,,,False,False
184162e1-10f4-47c4-8df2-43e9baef7374,Key Afer Market,existing,,False,,,,,,,,,matched,destination-images/key-afer-market/cover.webp,1.0,Key Afer Market,"https://commons.wikimedia.org/wiki/File:Banna_Tribe,_KEy_Afer_Market_(8141395546).jpg",CC BY-SA 2.0,True,True
1861714b-d99d-45db-9295-7a295c30b79f,Arbore Pastoralist Hamlets,existing,,False,,,,,,,,,no_match,,,,,,False,False
18d1a00d-e89d-4c2a-81e3-727d2f2c2196,Kafa Biosphere Waterfall & Wild Coffee Forests,existing,,False,,,,,,,,,no_match,,,,,,False,False
18e7ff60-d9b4-4951-b88f-f1881b20abad,Yanet Specialized Hospital,existing,,False,,,,,,,,,no_match,,,,,,False,False
1911def4-e997-465b-a0a3-6d9d84380461,Dima River Canyon Adventure Trail,existing,,False,,,,,,,,,no_match,,,,,,False,False
1976295f-ecce-48f7-bbc3-cc4f1b53fef3,Ethiopian Postal Museum,existing,,False,,,,,,,,,no_match,,,,,,False,False
1a0fe466-2e4e-4af5-8db4-43be8bea6df0,Gheralta Escarpment Farm Settlements,existing,,False,,,,,,,,,no_match,,,,,,False,False
1a1c5e1b-dafa-4c16-b381-623fbaa66752,Beynuna Village Community,existing,,False,,,,,,,,,no_match,,,,,,False,False
1a209072-6ad4-4054-a3d1-7a60411b1120,Saris & Kera Urban Districts,existing,,False,,,,,,,,,no_match,,,,,,False,False
1a38eefe-828e-469c-ae8b-5bbe525db738,Dimeka Tribal Souvenir & Crafts Market,existing,,False,,,,,,,,,no_match,,,,,,False,False
1a3d3411-dd15-4ebd-87ad-be817055defb,Debre Markos Urban Hub,existing,,False,,,,,,,,,no_match,,,,,,False,False
1a3def45-0960-4282-bebd-627a7cb980c4,Argobba Ancient Settlements,existing,,False,,,,,,,,,no_match,,,,,,False,False
1a5b3dff-4d10-4581-8c58-b2c5f9aec1f4,Mount Kundudo Feral Horse Sanctuary,existing,,False,,,,,,,,,no_match,,,,,,False,False
1a96e60a-57ff-432a-8daf-6e94fe955bc4,Gore Historic Urban Center,existing,,False,,,,,,,,,no_match,,,,,,False,False
1b0cc407-865c-4661-94dd-c1fcd6c13494,Ankober St. George Church,existing,,False,,,,,,,,,no_match,,,,,,False,False
1b0dae3c-22ba-4e5d-ba89-22160801cca4,Konso Soil Erosion & Cultural Preservation Sites,existing,,False,,,,,,,,,no_match,,,,,,False,False
1bd34702-eb28-425c-b0e5-4fadf009287a,Metahara Sugar Cane Estate,existing,,False,,,,,,,,,no_match,,,,,,False,False
1bf2d847-791f-4a70-be57-01108f2f4871,Hayat Hospital Specialized Center,existing,,False,,,,,,,,,no_match,,,,,,False,False
1c3acc4f-bf27-4343-953d-1d0001863ed7,Dorze Elephant-Shaped Bamboo Huts,existing,,False,,,,,,,,,matched,destination-images/dorze-elephant-shaped-bamboo-huts/cover.webp,0.5,dorze huts,https://commons.wikimedia.org/wiki/File:Dorze_huts.jpg,CC BY-SA 2.0,True,True
1c4be61c-293b-40b7-90c5-85d159009ee5,Dinsho Campsite Grounds,existing,,False,,,,,,,,,no_match,,,,,,False,False
1c917664-8092-4e3f-ba11-abce35e97266,Lalibela Church Preservation & Masonry Museum,existing,,False,,,,,,,,,no_match,,,,,,False,False
1cf5758b-28cb-430a-b66a-8d238d4d8bb5,Awash Thermal Hot Springs,existing,,False,,,,,,,,,no_match,,,,,,False,False
1d8c6efd-f46e-47dd-beaa-68f0ecb56f51,Wondo Genet Medicinal Hot Springs,existing,,False,,,,,,,,,no_match,,,,,,False,False
1d914cd7-3a4f-4b25-ac05-35aae3470100,Menz Highland Sheep Meat Roasting Centers,existing,,False,,,,,,,,,no_match,,,,,,False,False
1dcd5529-5ebf-47e1-b6f2-cb400f078caf,Arba Minch Local Farmer Co-ops Volunteer Sites,existing,,False,,,,,,,,,no_match,,,,,,False,False
1e0f8cff-e37b-4576-bfe4-7504166dd876,Jijiga Convention & Cultural Center,existing,,False,,,,,,,,,matched,destination-images/jijiga-convention-cultural-center/cover.webp,0.5,jijiga somali region,https://commons.wikimedia.org/wiki/File:ET-Jijiga_Somali_Region_(7).JPG,CC BY-SA 3.0,True,True
1e396328-3fdf-40f1-b7dd-41362f74ef63,Sodo Town Mount Damota Public Hike,existing,,False,,,,,,,,,no_match,,,,,,False,False
1e577338-7b6b-45c2-994e-76af1a5596d3,Beta Emmanuel Church,existing,,False,,,,,,,,,disabled,,,,,,False,False
1e580650-e9ae-4a13-ad77-bcf61acde245,Jinka Town Public Museum Hill,existing,,False,,,,,,,,,no_match,,,,,,False,False
1e5fb8fb-9aa3-485b-ac54-a57255d5aac4,Edna Mall Paved Concourse,existing,,False,,,,,,,,,no_match,,,,,,False,False
1e95d4ee-0a3f-4595-98b3-9e7949a572cf,Menz Guassa Community Conservation Area (Ethiopian Wolves),existing,,False,,,,,,,,,no_match,,,,,,False,False
1e9cbc26-1c66-4df8-a395-3ce61bb60b65,Combolcha Central Park,existing,,False,,,,,,,,,no_match,,,,,,False,False
1ea861e7-cb1f-424d-ae1e-a3f646a04d6d,Ramada by Wyndham Conference Hub,existing,,False,,,,,,,,,no_match,,,,,,False,False
1ed00cb8-cefc-4d4f-be7b-e45568710d02,Gedeo Sacred Cultural Landscapes,existing,,False,,,,,,,,,no_match,,,,,,False,False
1ed24426-c2c9-4515-8ff8-f7200e264835,Tekle Haymanot Cave Shrine,existing,,False,,,,,,,,,no_match,,,,,,False,False
1ee1842e-065b-46cc-972f-8d9d45d54b92,Maze National Park (Swaynes Hartebeest & Lions),existing,,False,,,,,,,,,no_match,,,,,,False,False
1efae8e3-da7d-4023-9252-4429553933c0,Jibat Forest Reserve (Endemic Birds),existing,,False,,,,,,,,,no_match,,,,,,False,False
1f001180-7b6a-4c63-80ea-2d8f6aa0fdfb,Massacre Memorial at Zeret Cave,existing,,False,,,,,,,,,no_match,,,,,,False,False
1f3e6ebe-2be1-4614-82f1-e2f837b3d3d7,Guzara Royal Castle Ruins,existing,,False,,,,,,,,,no_match,,,,,,False,False
1f69a209-ecd9-4cd9-9188-57c315e4f2be,Abuna Aregawi Shrine,existing,,False,,,,,,,,,no_match,,,,,,False,False
1fa93518-ef46-47ee-b8cb-80974632fa72,Dire Dawa Stadium,existing,,False,,,,,,,,,matched,,1.0,dire dawa football,https://commons.wikimedia.org/wiki/File:Downtown_Dire_Dawa_(211276819).jpeg,CC BY 3.0,False,False
1fafd623-6c4d-41bb-a79b-8b5bd35127d9,Abebech Gobena Mothers & Children Hospital,existing,,False,,,,,,,,,no_match,,,,,,False,False
1fe95f3d-b517-485c-8606-2c76364232a7,Lake Hayq Public Monastery Shore,existing,,False,,,,,,,,,no_match,,,,,,False,False
1ff14e7b-bfb6-444f-9af4-b1073a2631d3,Awi Agew Rural Homesteads,existing,,False,,,,,,,,,no_match,,,,,,False,False
200f2932-52b1-430f-87fa-ef56ba6bee1d,Lake Ziway Bird Sanctuary (Pelicans & Fish Eagles),existing,,False,,,,,,,,,no_match,,,,,,False,False
2022c34b-b7e3-4236-81e3-d04af7a3d038,Gumuz Tribal Communities,existing,,False,,,,,,,,,no_match,,,,,,False,False
204e1584-f5ab-442a-95e0-d6c1928546a6,Mizan Teferi Urban Center,existing,,False,,,,,,,,,no_match,,,,,,False,False
207de875-a9dc-412b-8054-964c5edc08b7,Bale Harenna Cloud Forest Moss & Fern Canopy,existing,,False,,,,,,,,,no_match,,,,,,False,False
20833650-32b4-4b1e-8aab-7d9b3fb8e27c,Mekelle Tigray Stadium,existing,,False,,,,,,,,,matched,,1.0,mekelle tigray,"https://commons.wikimedia.org/wiki/File:Destroyed_buildings_in_Mekelle,_Tigray_(2022).jpg",Public domain,False,False
2129a44b-cf85-453a-b73d-325d060210e1,Bete Abba Libanos,existing,,False,,,,,,,,,matched,destination-images/bete-abba-libanos/cover.webp,1.0,Bete Abba Libanos,https://commons.wikimedia.org/wiki/File:Bete_Abba_Libanos.jpg,CC BY-SA 3.0,True,True
21432d95-30dd-40e4-9388-ee6133851758,Planet Hotel Conference Center,existing,,False,,,,,,,,,no_match,,,,,,False,False
2162a321-4397-4796-b2c5-884443ba2282,Bench Maji Forest Honey Tasting Outlets,existing,,False,,,,,,,,,no_match,,,,,,False,False
219e56e6-83b1-40b4-9542-f6e99e81a063,Bahar Dar Mango Park Boat Terminal,existing,,False,,,,,,,,,no_match,,,,,,False,False
21a09171-dbeb-4615-8ffd-0140311ed755,Sabana Beach Resort Spa,existing,,False,,,,,,,,,no_match,,,,,,False,False
21bd35c9-3b3d-4cb7-b92e-6947621f5d16,Turmi Hamer Village Settlements,existing,,False,,,,,,,,,matched,destination-images/turmi-hamer-village-settlements/cover.webp,0.667,turmi hamer,"https://commons.wikimedia.org/wiki/File:Hamer_Girl,_Turmi,_Ethiopia_(15479674450).jpg",CC BY-SA 2.0,True,True
21d9b8a0-7f58-4f22-96b8-78e242ae990c,Arsi Highlands Cattle & Grain Farms,existing,,False,,,,,,,,,no_match,,,,,,False,False
220cc188-0798-45da-a7d9-80c1885886e2,Jamia Grand Mosque of Harar,existing,,False,,,,,,,,,matched,destination-images/jamia-grand-mosque-of-harar/cover.webp,0.5,Jamia Grand Mosque of Harar,"https://commons.wikimedia.org/wiki/File:Harar,_moschea_jamia,_02.jpg",CC BY 3.0,True,True
2231f7f1-2a31-402c-85ba-10c48224cbc7,Tiya Megalithic Burial Grounds,existing,,False,,,,,,,,,no_match,,,,,,False,False
