id,name,type,region,city,matched_on,status
"00620588-4ca4-48fa-90d5-3eba0e18392b","Erta Ale Active Volcano Lava Hazards Field","city_only","Afar","Dallol","erta-ale","RESOLVED"
"007b0123-edb6-4112-8470-9c97d02e180a","Mount Belaya Wilderness Trek","both","Benishangul-Gumuz","Assosa","mount belaya","RESOLVED"
"0113fde5-2ea6-4aeb-965d-64901480d8c0","Jinka Urban Hub","both","South Ethiopia Regional State","Jinka","omo valley","RESOLVED"
"0172040d-afdc-49d2-a38e-f7c51cb36544","Assosa Bamboo & Mango Farms","both","Benishangul-Gumuz","Assosa","assosa","RESOLVED"
"022c139e-027b-4c2b-b90f-103bdcf0f824","Menz Guassa High-Altitude Pastoral Communities","city_only","Amhara","North Shewa","guassa","RESOLVED"
"0255ec62-2fd1-40be-ac57-209276df35e9","Massacre Memorial of Wondo Genet","both","Sidama","Wondo Genet","wondo genet","RESOLVED"
"02c8223e-334d-47e5-b354-7fca28aada4f","Sheka Forest Biosphere Reserve","both","South West Ethiopia Peoples","Masha","sheka","RESOLVED"
"032ca2c4-2e8c-4a0f-9b3e-0df565405328","Battlefield of Dogali Memorial Monument","both","Amhara","Dessie","dogali","RESOLVED"
"037f40de-3fe9-4a23-9b9e-bf17b49de895","Bebeka Coffee Estate","both","South West Ethiopia Peoples","Mizan Aman","bebeka","RESOLVED"
"0383471e-05bb-422a-872c-430f3ecf90b0","Bob Marley Statue & Imperial Square","both","Addis Ababa","Kirkos","imperial square","RESOLVED"
"039c265c-7824-4623-8e6a-455de2877896","Grand Palace Hotel Meeting Rooms","both","Addis Ababa","Kirkos","grand palace hotel","RESOLVED"
"03b49d09-289b-46f3-a0a6-911ce7e8b65c","Chebera Churchura National Park","city_only","South West Ethiopia Peoples","Bonga","chebera-churchura","RESOLVED"
"03fdc7fc-8467-46cf-a763-6e088fde3e14","Dembel City Center Ramp Outlets","both","Addis Ababa","Kirkos","dembel city","RESOLVED"
"03fee98a-a4f1-406e-ac0b-2db9aa5a2915","Mizan Teferi Agro-Forestry Training Projects","both","South West Ethiopia Peoples","Mizan Aman","mizan teferi","RESOLVED"
"04c8c45f-4738-457f-bf20-218105ff3170","Kambaata Highland Agriculture Terraces","city_only","Central Ethiopia Regional State","Durame","kambaata","RESOLVED"
"055d7202-aec8-4194-afdf-f775c86e4cd5","Harari Rural Farming Outskirts","both","Harar","Harar","harari","RESOLVED"
"0601c42b-9a91-41fe-a460-4708f4d35127","Gura Dhamole Rural Belt","both","Oromia","Bale","gura dhamole","RESOLVED"
"0621462d-39b6-421d-93c2-36425fc9ba8c","Gotera & Sarbet Metropolitan Belts","both","Addis Ababa","Kirkos","gotera","RESOLVED"
"06692b34-d8e7-4a29-bf58-74a899324989","Mekelle Relief & Rehabilitation Projects","both","Tigray","Mek'elē","mekelle","RESOLVED"
"06929243-25f5-4b7f-818e-6770c4fd6500","Gofa Cultural Highlands","both","South Ethiopia Regional State","Sawla","sawla","RESOLVED"
"06e8bf00-f0ca-4393-b9a2-c04eb25fb2bc","Grand Royal Hotel Conference Center","both","Oromia","Bishoftu","grand royal hotel","RESOLVED"
"0719dd1e-6986-49b7-b092-400e2548dfc5","Inter Luxury Hotel Conference Suites","both","Addis Ababa","Kirkos","inter luxury","RESOLVED"
"07384a8f-5e47-43e5-af76-0ed738a4f7f6","Kenenisa Hotel & High-Altitude Sports Complex","both","Oromia","Bekoji","kenenisa","RESOLVED"
"07732b82-a311-40cc-b641-f0118bb25bce","Raya Azebo Farming Communities","city_only","Afar","Semera","raya-azebo","RESOLVED"
"079c543b-0632-403a-a752-7f7b63cd0037","Awi Agew Honey Wine Houses","both","Amhara","Injibara","agew","RESOLVED"
"07e3c3e0-9588-41e5-a2b6-5865142da6e2","Debre Marqos Cathedral","both","Amhara","Debre Markos","debre marqos","RESOLVED"
"08e88666-1276-403b-972c-a82a3cedd23e","Dallol Sulfur Springs","city_only","Afar","Dallol","dallol","RESOLVED"
"098a3ef4-e0f9-4680-a0a3-531cd2363b7c","Sor River Canopy (Rainforest Avifauna)","both","Oromia","Metu","sor river","RESOLVED"
"09cf80ad-8f11-4213-860c-c391cac7c1e4","Guji Gold & Pastoralist Villages","both","Oromia","Shakiso","guji","RESOLVED"
"0a20e07d-73dd-4284-ae5b-b631cc2cc559","Halala Kella Lodge Retreat & Spa","both","South Ethiopia Regional State","Kindo Koysha","halala kella","RESOLVED"
"0a2a2811-9f5b-4f9a-8074-5e180fd06d45","Dek Island Ferry Terminal","city_only","Amhara","Bahir Dar Special Zone","lake-tana","RESOLVED"
"0a56edc3-e173-4766-863d-d602923659eb","Abebe Bikila Stadium Accessible Seating Gate","both","Addis Ababa","Addis Ketema","abebe bikila stadium","RESOLVED"
"0a85ecd4-5c50-4860-b012-f6780d7ed2d3","Omo National Park (Big Game Safari)","both","South Ethiopia Regional State","Jinka","omo national","RESOLVED"
"0b323a29-7996-4f3d-b524-51210f902bdd","Youth & Sports Academy Complex","both","Addis Ababa","Addis Ketema","youth & sports academy","RESOLVED"
"0bb81add-f212-4fa1-a84c-03ac54cb7b4e","Gura Dhamole Desert Night Sky Encampment","both","Oromia","Bale","gura dhamole","RESOLVED"
"0beb83f4-243e-4161-8657-8f7ce8b4d268","Babile Elephant Sanctuary Bush Trekking","both","Harar","Harar","hararghe","RESOLVED"
"0bfc7ee8-ddd1-4b35-baa9-543a2a227862","Loleha High-End Eco-Lodge","both","Oromia","Wenchi","wenchi crater","RESOLVED"
"0c0a0214-76e4-480e-8291-7d97965501da","Tekeze Dam Lake Boating & Fishing Dock","both","Amhara","Tekeze","tekeze","RESOLVED"
"0c0f9ce0-6896-4e41-a1fa-d5e3c229b28a","Gerbi Natural Hot Springs","city_only","Oromia","Bishoftu","gerbi","RESOLVED"
"0cc86c22-d3a7-48d9-ac1a-1478f842b8ff","Dirre Sheikh Hussein Pilgrims Village","both","Oromia","Sheik Hussein","sheikh hussein","RESOLVED"
"0d291d6c-0210-408b-87a8-fbc919f72dc5","Dembi Waterfall & Forest Sanctuary","both","South West Ethiopia Peoples","Bonga","dembi waterfall","RESOLVED"
"0db2f2ba-292b-4bfd-a534-f3bbcf855467","Tekeze River Canyon Trekking","both","Amhara","Tekeze","tekeze","RESOLVED"
"0e43bad9-7f39-4795-be9d-01fd987acf85","Awash National Park Arid Ecosystem Research Outpost","both","Oromia","Awash","awash national","RESOLVED"
"0e4d4519-15ac-4164-95ff-67610eea618a","Bishoftu Pyramids Resort Meeting Facilities","both","Oromia","Bishoftu","pyramids resort","RESOLVED"
"0f2b4014-1411-4d39-9d1f-ab7c9840a894","Gojjam Teff Farming Cooperatives","both","Amhara","Debre Markos","gojjam","RESOLVED"
"0f3ec61a-c1a4-4baf-bfdc-6913b4805a5c","Yeha Village Public Walkway","city_only","Tigray","Yeha","yeha","RESOLVED"
"0f7c84bd-4645-4e2b-b0c8-c603b9a940b1","Entoto Mountain Zipline & Rope Course","both","Addis Ababa","Addis Ababa","addis ababa","RESOLVED"
"0fa2359e-59e0-4cb3-867c-b289e8e9a009","Silte Mixed Agro-Farms","both","Central Ethiopia Regional State","Worabe","worabe","RESOLVED"
"10428c4d-037c-4235-a04c-81eeedfcbb52","Jinka South Omo Health & Education Volunteer Base","both","South Ethiopia Regional State","Jinka","south omo","RESOLVED"
"1083c39b-85cc-457d-9a68-518fe138f7be","Addis Ababa Italian Occupation Fortifications","both","Addis Ababa","Gulale","italian occupation","RESOLVED"
"10995a8c-f549-4261-9251-3c7e872b92b8","Argobba Heritage Villages","both","Afar","Semera","argobba","RESOLVED"
"10aad439-21ab-49ae-bad6-cd8d0e02d12f","Teppi Coffee & Spice Plantation Estate","city_only","South West Ethiopia Peoples","Teppi","teppi","RESOLVED"
"10c92854-678b-4c37-9275-8d10f798aa6d","Entoto Planetarium Complex","both","Addis Ababa","Gulale","entoto planetarium","RESOLVED"
"131993b4-a8b5-41cb-a8d1-5e2610dfd540","Bishoftu Lake Kilole Water Outpost","both","Oromia","Bishoftu","lake kilole","RESOLVED"
"133d233e-e6d0-4a8e-803a-7a7b8b5bde07","Metu Town Center","both","Oromia","Metu","metu","RESOLVED"
"13e068c7-3d20-4a4e-b74b-3b403ab237a2","Abuna Yemata Guh Rock Climb","both","Tigray","Halah Gheralta","abuna yemata","RESOLVED"
"14dcdb3b-f234-4f0e-9ddb-270c10ebcc13","Assab Road Historical Conflict Sites","both","Afar","Semera","assab road","RESOLVED"
"151689f0-1345-4c94-8b5e-4cf3b59dfae8","Chebera Churchura National Park (African Elephants)","city_only","South West Ethiopia Peoples","Bonga","chebera-churchura","RESOLVED"
"155560ee-ef59-4e8f-9b0a-da01cfb2db33","Gerbi Natural Hot Springs Retreat","city_only","Oromia","Bishoftu","gerbi","RESOLVED"
"15d4cc48-4db3-4cbb-91c9-c60fa8b4dc57","Lewi Resort & Wellness Spa","both","Sidama","Hawassa","lewi resort","RESOLVED"
"15f2bcde-0809-406f-8919-09b8f795e41a","Menz Mama Midir Wool Farming Hamlets","both","Amhara","North Shewa","menz","RESOLVED"
"1618e41c-dd41-468c-bc4d-eb68f0980534","Geralle National Park (Giraffes & Gazelles)","city_only","Somali","Jijiga","geralle","RESOLVED"
"16b17298-cf95-44da-b6a5-4c1bce95c425","Imperial Club Sports Facilities","both","Addis Ababa","Kirkos","imperial club","RESOLVED"
"171119ef-dd22-425f-93bc-654ef09a656a","Menz Guassa Silent Wilderness Camp","city_only","Amhara","North Shewa","guassa","RESOLVED"
"17182a01-db5e-4920-b6bb-5927b96a2ccb","Silte Halawa & Traditional Confectionery Outlets","both","Central Ethiopia Regional State","Worabe","worabe","RESOLVED"
"17520cea-bed8-4aa0-b020-30e597001408","Lake Kuriftu Waterpark Boating Marina","both","Oromia","Bishoftu","kuriftu","RESOLVED"
"1780d35c-2488-4b5e-b3ae-042a32f6c0b7","Filwoha Thermal Mineral Baths","both","Addis Ababa","Addis Ababa","addis ababa","RESOLVED"
"17cdd081-8692-4079-ad33-6a5c3db45ad7","Dil Chora Hospital","both","Dire Dawa","Dire Dawa","dire dawa","RESOLVED"
"18d1a00d-e89d-4c2a-81e3-727d2f2c2196","Kafa Biosphere Waterfall & Wild Coffee Forests","both","South West Ethiopia Peoples","Bonga","kafa biosphere","RESOLVED"
"1911def4-e997-465b-a0a3-6d9d84380461","Dima River Canyon Adventure Trail","both","Amhara","Debre Markos","gojjam","RESOLVED"
"1a1c5e1b-dafa-4c16-b381-623fbaa66752","Beynuna Village Community","both","Harar","Harar","beynuna","RESOLVED"
"1a3def45-0960-4282-bebd-627a7cb980c4","Argobba Ancient Settlements","city_only","Afar","Semera","aliyu-amba","RESOLVED"
"1a5b3dff-4d10-4581-8c58-b2c5f9aec1f4","Mount Kundudo Feral Horse Sanctuary","both","Harar","Harar","mount kundudo","RESOLVED"
"1b0dae3c-22ba-4e5d-ba89-22160801cca4","Konso Soil Erosion & Cultural Preservation Sites","city_only","South Ethiopia Regional State","Konso","konso","RESOLVED"
"1cf5758b-28cb-430a-b66a-8d238d4d8bb5","Awash Thermal Hot Springs","both","Oromia","Awash","awash national","RESOLVED"
"1d914cd7-3a4f-4b25-ac05-35aae3470100","Menz Highland Sheep Meat Roasting Centers","both","Amhara","North Shewa","menz","RESOLVED"
"1e396328-3fdf-40f1-b7dd-41362f74ef63","Sodo Town Mount Damota Public Hike","both","South Ethiopia Regional State","Wolaita Sodo","mount damota","RESOLVED"
"1e95d4ee-0a3f-4595-98b3-9e7949a572cf","Menz Guassa Community Conservation Area (Ethiopian Wolves)","city_only","Amhara","North Shewa","guassa","RESOLVED"
"1e9cbc26-1c66-4df8-a395-3ce61bb60b65","Combolcha Central Park","both","Amhara","Kombolcha","kombolcha","RESOLVED"
"1ed00cb8-cefc-4d4f-be7b-e45568710d02","Gedeo Sacred Cultural Landscapes","both","South Ethiopia Regional State","Yirga Cheffe","gedeo","RESOLVED"
"1ed24426-c2c9-4515-8ff8-f7200e264835","Tekle Haymanot Cave Shrine","both","Oromia","Debre Libanos","tekle haymanot","RESOLVED"
"1ee1842e-065b-46cc-972f-8d9d45d54b92","Maze National Park (Swaynes Hartebeest & Lions)","both","South Ethiopia Regional State","Sawla","maze national","RESOLVED"
"1f001180-7b6a-4c63-80ea-2d8f6aa0fdfb","Massacre Memorial at Zeret Cave","city_only","Amhara","Dessie","zeret-cave","RESOLVED"
"1f3e6ebe-2be1-4614-82f1-e2f837b3d3d7","Guzara Royal Castle Ruins","both","Amhara","Gondar","gondar","RESOLVED"
"1f69a209-ecd9-4cd9-9188-57c315e4f2be","Abuna Aregawi Shrine","both","Tigray","Debre Damo","debre damo","RESOLVED"
"1fafd623-6c4d-41bb-a79b-8b5bd35127d9","Abebech Gobena Mothers & Children Hospital","both","Addis Ababa","Bole","abebech gobena","RESOLVED"
"1ff14e7b-bfb6-444f-9af4-b1073a2631d3","Awi Agew Rural Homesteads","both","Amhara","Injibara","injibara","RESOLVED"
"200f2932-52b1-430f-87fa-ef56ba6bee1d","Lake Ziway Bird Sanctuary (Pelicans & Fish Eagles)","both","Oromia","East Shewa","lake ziway","RESOLVED"
"2022c34b-b7e3-4236-81e3-d04af7a3d038","Gumuz Tribal Communities","both","Benishangul-Gumuz","Assosa","benishangul","RESOLVED"
"207de875-a9dc-412b-8054-964c5edc08b7","Bale Harenna Cloud Forest Moss & Fern Canopy","both","Oromia","Dinsho","harenna","RESOLVED"
"21d9b8a0-7f58-4f22-96b8-78e242ae990c","Arsi Highlands Cattle & Grain Farms","both","Oromia","Asella","arsi","RESOLVED"
"2272a61f-9359-4e0c-a986-2026a826d363","Blue Nile Gorge Ferry Crossing Points","both","Amhara","Debre Markos","blue nile gorge","RESOLVED"
"23226a89-46e7-4984-99ee-5cc67e1cc906","Ras Dashen Peak Trek","city_only","Amhara","Debark","ras dashen","RESOLVED"
"24028b03-8409-4402-9702-50e66d44c031","Gidabo Thermal Medicinal Springs","city_only","Sidama","Hawassa","gidabo","RESOLVED"
"24d6e6ee-90b9-49d3-9b43-ac8fa2d59587","Shashemene Crossroads City Hub","city_only","Oromia","Shashemene","shashemene","RESOLVED"
"26cfc331-c3b9-4089-a0ed-b629bbd081d6","Omo River Whitewater Expedition","both","South Ethiopia Regional State","Jinka","south-omo","RESOLVED"
"28b06163-a019-4ec8-806d-dc45aba5595f","Mount Fentale Crater Trek","both","Oromia","Metehara","mount fentale","RESOLVED"
"2b3cc33e-44bc-40f6-91a3-2b03e30b882b","Choke Mountain Agro-Eco Restoration Sites","city_only","Amhara","Debre Markos","choke mountain","RESOLVED"
"2cdc89c9-ccae-4a4a-a328-41dcfe7efd2e","Bate Historic Military Garrison Ruins","both","Oromia","Haromaya","haramaya","RESOLVED"
"2dd76ae5-d856-4946-83ab-85a9bd32a9d3","Bishoftu Hora Resort Boating & Sports Grounds","both","Oromia","Bishoftu","bishoftu","RESOLVED"
"2de90c71-ca60-4d2b-be4b-22ab54f37a93","Baro River Steamship/Boat Route","both","Gambela","Gambela","gambella","RESOLVED"
"2e8a6a51-a57c-43f3-8cd8-49f38b7bb164","Harar New Town (Kazanchis / Stadium District)","both","Addis Ababa","Kirkos","kazanchis","RESOLVED"
"3096f7ab-0a87-42fa-ba55-98282bb96595","Metekel Sesame & Oilseed Farms","both","Benishangul-Gumuz","Assosa","metekel","RESOLVED"
"31b2466f-8630-4b81-8717-2af3da7822c3","Hadiya Traditional Cultural Centers","both","Central Ethiopia Regional State","Hosaina","hossaena","RESOLVED"
"31fb5ee6-550b-44b9-a935-eb136e4db8ab","Tut Fela Megalithic Burial Stelae Site","both","South Ethiopia Regional State","Wolaita Sodo","tut fela","RESOLVED"
"3286a788-e2b1-4bec-a5ea-c32b752fe610","Awash National Park Gorge & Plains","both","Oromia","Awash","awash national","RESOLVED"
"32ee3318-b222-4de7-b1e2-ff8a62cd2dfa","Borena Saynt National Park","both","Oromia","Yabēlo","borena","RESOLVED"
"3307136d-33b9-46d1-a85d-329b832ef1fa","Entoto Park Mountain Biking & Trail Running Tracks","both","Addis Ababa","Gulale","entoto","RESOLVED"
"3337e9f7-776d-43c5-8f15-ea2a1ad159cd","Gona Hominid & Stone Tool Site","both","Afar","Semera","gona","RESOLVED"
"3393d169-bb0a-4fca-9812-109036f62ad4","Wonchi-Dendi Endurance Trekking Route","both","Oromia","Wenchi","wonchi","RESOLVED"
"353a512f-270c-49f3-8a0b-a72199f59027","Wonji Shoa Sugar Cane Plantation & Factory","both","Oromia","Adama","wonji-shoa","RESOLVED"
"357cf054-8b96-4b60-90fd-26a6517404a0","Gura Ferda Agro-Settlements","both","South West Ethiopia Peoples","Mizan Aman","gura ferda","RESOLVED"
"35f47335-8797-403c-84b7-4d773d3255ae","Gonderine Oilseed & Pulse Farms","both","Amhara","Gondar","gondar","RESOLVED"
"3672280d-719b-4f45-a075-330c2a8e2814","Halala Kella Resort Accessible Viewpoints","both","South Ethiopia Regional State","Kindo Koysha","halala kella","RESOLVED"
"37a12e87-515b-44fa-a6a8-d7989b4017e4","Asham Africa Level Promenade","both","Oromia","Bishoftu","bishoftu","RESOLVED"
"37babb65-974f-4586-a52c-06cc4ffd339d","Ari Highland Farming Villages","both","South Ethiopia Regional State","Jinka","jinka","RESOLVED"
"3950d41d-cf77-437e-ace5-3f6d1a7491a3","Kafa Coffee Forest Conservation Volunteer Stations","both","South West Ethiopia Peoples","Bonga","kafa","RESOLVED"
"39afddda-e645-44b2-86b1-e2e9ab09e2c9","Mekelle Physiotherapy & Rehabilitation Center","both","Tigray","Mek'elē","mekelle","RESOLVED"
"3a215d89-fea3-4dbe-955f-0f36787befa8","Tulu Lafto Eco-Forest","both","Oromia","Jimma","tulu lafto","RESOLVED"
"3abb2bc8-cd5e-4567-8459-71ea7cba5b36","Mount Entoto Viewpoint","both","Addis Ababa","Gulale","mount entoto","RESOLVED"
"3be3419a-6f26-4fe8-a36f-234e728ea785","Megenagna Transit & Commercial Hub","both","Addis Ababa","Yeka","megenagna","RESOLVED"
"3bf44e2f-bffc-4e61-96af-1b6c31f2963c","Berta Music & Horn Cultural Villages","both","Benishangul-Gumuz","Assosa","assosa","RESOLVED"
"3d634d41-af7e-40c2-8ed2-4a56559fc7a2","Dikika Hominid Site","both","Afar","Semera","dikika","RESOLVED"
"3d816d2c-3881-4ed4-a503-4601492b0a6a","Simien Mountains Jinbar Waterfall Overlook","city_only","Amhara","Debark","simien-mountains","RESOLVED"
"3da4a265-b1fa-4350-84ef-ecc140ceece6","Zegie Peninsula Coffee Forests","city_only","Amhara","Bahir Dar Special Zone","lake-tana","RESOLVED"
"3effdf2c-3399-434c-9c27-142f0e4b0899","Bishangari Eco-Resort Spa","city_only","Oromia","Langano","bishangari","RESOLVED"
"3f3b8afc-11fc-47e2-b1cf-3cab71138da8","Lake Koka Wetlands (Migratory Waterbirds)","both","Oromia","Adama","koka","RESOLVED"
"3f48658f-cee9-4fc1-be39-695f3040da45","Lake Hora Eco-Park","both","Oromia","Bishoftu","lake hora","RESOLVED"
"3f866e65-8b6c-4b3d-be32-0b419e440ff1","Zoological Natural History Museum","both","Addis Ababa","Gulale","zoological-museum","RESOLVED"
"3f8bde2a-5b1f-46a6-a08b-638ce57b9af3","Mount Ayalu Volcano Trek","city_only","Afar","Dallol","danakil","RESOLVED"
"430ea818-4176-4cc7-a307-47b499882d5a","Shiro Meda Traditional Clothes Market","both","Addis Ababa","Gulale","shiro meda","RESOLVED"
"43700e13-9720-4983-9e6b-a1ce20eb9bfc","International Cardiovascular Hospital","both","Addis Ababa","Kirkos","cardiovascular hospital","RESOLVED"
"43ab2358-38d7-4156-b8d1-f0749fec4dbe","Sagan River Valley Cultural Nexus","both","South Ethiopia Regional State","Konso","sagan river","RESOLVED"
"44a8af1f-80b0-4a23-90db-f5272c52c1af","Adwa Victory Memorial Educational Wings","both","Tigray","Adwa","adwa","RESOLVED"
"44c08981-cd9c-4a63-8534-8e0696b56e96","Chebera Churchura Elephant Research Station","city_only","South West Ethiopia Peoples","Bonga","chebera-churchura","RESOLVED"
"45ccffd6-2de8-46d3-a9d0-b7e0b44398da","Lake Chew Bahir Salt Flats Dark-Sky Plain","both","South Ethiopia Regional State","Konso","chew bahir","RESOLVED"
"4662ab4e-d913-456a-a9c1-b75341310441","Bishangari Chalets","city_only","Oromia","Langano","bishangari","RESOLVED"
"46e80005-808f-4339-b70a-f57de8e593c9","Langano African Vacation Club Spa","both","Oromia","Langano","langano","RESOLVED"
"46f3711b-bf97-4783-a645-73d6fbd8b7de","Awash National Park Community Eco-Projects","both","Oromia","Awash","awash national","RESOLVED"
"47a09f66-86ef-4853-9aee-e651001356d4","Planet Hotel Executive Suites","both","Tigray","Mek'elē","mekelle","RESOLVED"
"47b0950a-dd1d-4a47-aad3-b274f128c1af","Nyala Sports Club Grounds","both","Addis Ababa","Kirkos","nyala-club","RESOLVED"
"485613b9-5817-4d5f-8e67-f0f95cfae0cb","Chebera Churchura Elephant Paw Luxury Lodge","city_only","South West Ethiopia Peoples","Bonga","chebera-churchura","RESOLVED"
"4874523d-bc8a-4678-a3df-70bdfce3adda","Alkeso Sacred Mosque Complex","both","Central Ethiopia Regional State","Worabe","silte","RESOLVED"
"489c201a-ff25-4eea-9b27-0df71437394b","Gedeo Coffee & Honey Tasting Centers","both","South Ethiopia Regional State","Yirga Cheffe","gedeo","RESOLVED"
"48dba260-8847-4357-a1d2-b853875fa23a","Haile Resort Lake View Villas","both","South Ethiopia Regional State","Arba Minch","nechisar","RESOLVED"
"4931d41e-0978-44b1-89a7-aded8123d36a","Chebera Churchura Wilderness Night Camp","city_only","South West Ethiopia Peoples","Bonga","chebera-churchura","RESOLVED"
"4955807c-67c6-4cda-aa64-e9f28261921e","Emperor Tewodros II Suicide Site at Magdala Fortress","both","Amhara","Dessie","tewodros-ii","RESOLVED"
"49b32550-7e9e-4315-afcc-22c2d46e7319","Mount Gurage Trekking Circuit","both","Central Ethiopia Regional State","Welkite","gurage","RESOLVED"
"49c80e26-f7f6-4f1d-b254-cad1a2bc3655","Dera Denboli Crater Hike","both","Oromia","Bishoftu","dera denboli","RESOLVED"
"4a5030e1-665a-42d1-b00c-c095b05303f9","Lake Langano Cattle & Agro-Forestry Farms","city_only","Oromia","Langano","langano","RESOLVED"
"4b1a2b03-b04c-4bb7-ab2c-6419329638f7","Addis Ketema Raw Meat (Kirt/Gored Gored) Outlets","both","Addis Ababa","Kirkos","kera","RESOLVED"
"4d06800d-f98c-4f2a-92de-745c3786ae78","Mago Wilderness Overland Trail","city_only","South Ethiopia Regional State","Jinka","mago","RESOLVED"
"4d8ec07c-87b9-47e9-ba7f-d8a0e28f92a6","Bale Mountains Alpine Ecosystem Research Outpost","city_only","Oromia","Dinsho","bale-mountains","RESOLVED"
"4de67e02-d7f4-4d62-a977-ce8bd88cf56e","Choke Mountain Community Eco-Villages","city_only","Amhara","Debre Markos","choke mountain","RESOLVED"
"4e00ed19-fb66-4c84-9268-281d54ec1406","Lake Hayq Log Cabin Boat Dock","both","Amhara","Hayq","lake hayq","RESOLVED"
"4f0debde-c9f8-447c-bd73-3354543ac950","Gullele Botanical Garden & Research Center","both","Addis Ababa","Gulale","gullele botanic","RESOLVED"
"4f1c8cc1-62b0-44b0-bd8c-6503ed6d7a21","Dega Estifanos Boat Route","both","Amhara","Bahir Dar Special Zone","dega estifanos","RESOLVED"
"4ff4d3bb-8e6a-494c-be44-5c63eafb4869","Saint George Cathedral Museum Wing","both","Addis Ababa","Addis Ketema","saint george","RESOLVED"
"508b35ff-c7c5-42c2-8add-7ca23943c516","Dunkur Palace (Queen Sheba Palace Ruins - Axum)","both","Tigray","Axum","axum","RESOLVED"
"50ddc07c-4b8b-444d-98e5-fd3e873baa73","Zuqualla Abo Monastery","city_only","Oromia","Dendi","zuqualla","RESOLVED"
"50ec4e15-a707-45aa-81c8-cc3ef3910027","St. Pauls Hospital Millennium Medical College","both","Addis Ababa","Addis Ketema","st. pauls","RESOLVED"
"51071284-8440-4876-a880-f5b6ab994788","Lake Ardibo Boat Tour Points","both","Amhara","Dessie","lake ardibo","RESOLVED"
"51c2c3e9-5372-43ed-bc2f-17a4bbb78ceb","Awash River Canyon Rafting","both","Oromia","Awash","awash national","RESOLVED"
"52b26f43-475d-4d78-a552-facb4e03fabe","Sor Waterfall Deep Rainforest Surge","both","Oromia","Metu","sor waterfall","RESOLVED"
"5379dcb1-0f39-45e7-bccb-7d4727f09d13","Azwamariam Monastery","both","Amhara","Bahir Dar Special Zone","zegie","RESOLVED"
"53e13fe6-dfd5-4af9-ba94-2903d804bc65","Lake Ziway Island Hopping Kayak Trail","both","Oromia","East Shewa","lake ziway","RESOLVED"
"5482603e-a19e-4002-a832-caa4c20f30dd","Konso Walled Cultural Villages","city_only","South Ethiopia Regional State","Konso","konso","RESOLVED"
"551642cd-83d7-4a04-882e-552d4eb0fd80","Akaki Athletics Training Complex","both","Addis Ababa","Addis Ababa","addis ababa","RESOLVED"
"55614d2f-89f1-4c71-b3b0-625ea64c59be","Borena Meat Roasting (Kikil) Outlets","both","Oromia","Yabēlo","borena","RESOLVED"
"55985669-8d33-4e70-a8ea-d3b3e84ff753","Tana Qirqos Island Monastery","city_only","Amhara","Bahir Dar Special Zone","tana-qirqos","RESOLVED"
"55aeb54e-5a5b-4a6e-b112-ab8094f3aa0b","Choke Mountain Organic Potato & Barley Agro-Farms","city_only","Amhara","Debre Markos","choke mountain","RESOLVED"
"55cde165-1a79-46e8-b8bd-2a72e3f479cc","Lake Chew Bahir Off-Roading","both","South Ethiopia Regional State","Konso","chew bahir","RESOLVED"
"5601a0b7-c3cd-463b-b11e-d0920287401e","Chelba Tutiti Megalithic Complex","both","South Ethiopia Regional State","Wolaita Sodo","chelba tutiti","RESOLVED"
"565e2fbe-684e-4f62-b4b2-c8ffd04c72a0","Wenchi Crater Lake Island Monastery Overlook","both","Oromia","Wenchi","wenchi crater","RESOLVED"
"56eca6e1-7606-41a1-a5d2-8d2ad4bc5a6d","Lake Langano Sabana Resort Boat Dock","city_only","Oromia","Langano","langano","RESOLVED"
"57562c1b-d9e1-4e20-9439-cd554caec184","Shiro Meda Colorful Fabric Displays","both","Addis Ababa","Gulale","shiro meda","RESOLVED"
"577f9abc-caa9-4db7-b2fb-85dd2235356a","Wenchi Crater Lake Trekking & Kayaking","both","Oromia","Wenchi","wenchi crater","RESOLVED"
"57a4df51-664e-4637-891c-27e6de3d0f8a","Battlefield of Chelenqo","both","Addis Ababa","Addis Ketema","menelik ii","RESOLVED"
"57e4808b-c0a1-4cc9-9c0f-9c460fcd27e8","Shashemene Rastafarian Land Grant Community","city_only","Oromia","Shashemene","shashemene","RESOLVED"
"586f7f47-569e-4a3f-829c-67ca7e1fd586","Sanetti Plateau & Afro-Alpine Tarns","city_only","Oromia","Dinsho","bale-mountains","RESOLVED"
"587ecae5-c03c-4241-b154-9f038e86b6e2","Mount Choqa Summit Trek","both","Amhara","Debre Markos","gojjam","RESOLVED"
"58c9e3c6-5f2b-46e3-bdfd-247f27fd3f59","Korebte Eco-Lodge VIP Suites","both","Oromia","Wenchi","wenchi crater","RESOLVED"
"58fc4ba3-40ba-4081-9b63-f06b6562c9f4","Bete Giyorgis Rock-Hewn Cross","both","Amhara","Lalibela","lalibela","RESOLVED"
"59213d73-f699-4e9e-a7a7-2b7bacb38353","Bete Maryam Rock Church","both","Addis Ababa","Kirkos","bete maryam","RESOLVED"
"5966f553-1ad7-4805-881a-59bae6f806bc","Lake Abijatta Shoreline Excursion Points","city_only","Oromia","Arsi Negelle","abijatta","RESOLVED"
"5aa3e09e-81dc-4910-b241-f68432ff254b","Choke Mountain High-Altitude Alpine Landscapes","city_only","Amhara","Debre Markos","choke-mountain","RESOLVED"
"5af1b662-3df1-4cba-9cb5-0a734f977119","Adwa Victory Memorial Museum Complex","both","Tigray","Adwa","adwa","RESOLVED"
"5afedf5a-519c-499c-a3b0-53185c958ccb","Doho Lodge VIP Thermal Cabins","city_only","Afar","Awash","doho-lodge","RESOLVED"
"5cd06f1e-246b-45de-83c0-eb514220953d","Mount Zuqualla Volcano Hike","both","Oromia","Dendi","mount zuqualla","RESOLVED"
"5d921774-ceec-4ab6-a275-7690aeb0b27e","Haile Resort Executive Lake Suites","both","Sidama","Hawassa","lake hawassa","RESOLVED"
"5d9ef771-8180-47d4-a853-033b16c8afcc","Getfam Hotel Public Halls","both","Addis Ababa","Kirkos","getfam hotel","RESOLVED"
"5f5585e6-4710-44c9-8369-baa9e4fdcf27","Choke Mountain Biodiversity Reserve","city_only","Amhara","Debre Markos","choke mountain","RESOLVED"
"5f9562e4-b3c9-4bf8-83d5-2fd9438b81d6","Nechisar National Park Plains (Burchells Zebras)","both","South Ethiopia Regional State","Arba Minch","nechisar","RESOLVED"
"5fa1edbf-7d4f-45ab-b6dc-5a2e5ee4a93c","Gishen Debre Kerbe Monastery","city_only","Amhara","Wollo","gishen","RESOLVED"
"602a0fe7-98e5-404f-bc7a-fc47fa238002","Woranso-Mille Paleontological Site","both","Afar","Semera","woranso-mille","RESOLVED"
"613a9429-d256-4600-870e-cd8b1b384c56","Lake Langano Windsurfing & Water Skiing Hub","city_only","Oromia","Langano","windsurfing","RESOLVED"
"6151ba43-5bd7-426d-b383-1c0829462d6a","Wukro Chirkos Carved Stone Facade","both","Tigray","Wukro","wukro","RESOLVED"
"61555a68-11c8-46fb-a17a-081fce0da812","Battlefield of Adwa Historic Sites","both","Tigray","Adwa","adwa","RESOLVED"
"616d3f0e-89e1-4a53-a515-bde34ae4850e","Metekel Gumuz Farming Hamlets","both","Benishangul-Gumuz","Assosa","benishangul","RESOLVED"
"6224fdbb-385c-4de0-87b1-89ae8b3c8c8d","Mount Zuqualla Crater Rim","city_only","Oromia","Dendi","zuqualla","RESOLVED"
"62526dc5-8e94-402f-8757-6fbde7a110b5","Yeha Church of Abuna Aftse","both","Tigray","Yeha","yeha","RESOLVED"
"6300931c-3ab6-41a6-a793-9355a0a6e2ee","Saint George Cathedral Public Grounds","both","Addis Ababa","Addis Ketema","saint george","RESOLVED"
"634b65cc-17fe-48ab-b8d8-769b46401d23","Lake Tana Biosphere Reserve Visitor Center","city_only","Amhara","Bahir Dar Special Zone","lake-tana","RESOLVED"
"63cb91a4-40f3-4d29-8826-9a9ccb44c13e","Lake Ziway Debre Sina Island Ferry Point","both","Oromia","East Shewa","lake ziway","RESOLVED"
"646cceb9-9b24-49e2-a445-d976da182723","Aregash Natura Lodge Luxury Huts","both","Sidama","Hawassa","sidama","RESOLVED"
"64d79049-824e-447d-9295-528cf0dc2f80","Tendaho Sugar Cane Estate","city_only","Afar","Tendaho","tendaho","RESOLVED"
"65fd1b83-514b-4f10-bac4-f4e88a03070d","Lake Abbe Limestone Salt Chimneys at Dawn","city_only","Afar","Asaita","lake-abbe","RESOLVED"
"67381361-9a08-442c-9655-5cc9a90c8b21","Grand Palace Hotel VIP Wing","both","Addis Ababa","Kirkos","grand palace hotel","RESOLVED"
"678d89b2-b8f0-4a2f-ad3d-21937a7c8736","Afar Middle Awash Research Sites","both","Oromia","Awash","awash","RESOLVED"
"681816d7-79d7-42dc-86c0-e89153f648d1","Gore Forest Canopy Expedition","both","Oromia","Gore","gore","RESOLVED"
"68c81bcb-2cd5-4830-9433-6a3f16984144","Magdala (Amba Mariam) Ruined Fortress Hill","both","Amhara","Dessie","magdala","RESOLVED"
"6a0a01d1-4ae2-4473-9fc1-30f6ff672ace","Nyangatom Omo River Crossing","both","South Ethiopia Regional State","Omorate","nyangatom","RESOLVED"
"6ad09a0a-e179-4659-9ef9-48f0f8842ff8","Choke Mountains Eco-Community Lodges","city_only","Amhara","Debre Markos","choke mountain","RESOLVED"
"6af5fcaf-0f7a-422f-afb4-eb3c92075ab9","Adwa Victory Memorial Complex & Auditorium","both","Tigray","Adwa","adwa","RESOLVED"
"6b48558c-8f66-48e5-8256-390af4262692","Danakil Depression Dark-Sky Reserve","city_only","Afar","Dallol","danakil","RESOLVED"
"6b9a30c3-642e-4887-a787-4fe997a4c982","Gore Community Library & School Projects","both","Oromia","Gore","gore","RESOLVED"
"6beae27e-b640-4eab-8dc6-9cbe62a15b7b","Afar Nomadic Pastoralist Settlements","both","Afar","Dallol","hamadela","RESOLVED"
"6bfc2bf6-f880-4626-86b6-f40bbd334847","Limmu Coffee Farm Estates","city_only","Oromia","Jimma","limmu","RESOLVED"
"6ca8c5a6-0df2-4901-bb9d-bd3ddc8c1e40","Lake Ziway Waterbird Conservation Projects","both","Oromia","East Shewa","lake ziway","RESOLVED"
"6ceaf39e-da7e-4e79-8097-f606b29cf7f6","Simien Mountains Ultra-Marathon Trail","city_only","Amhara","Debark","simien mountains","RESOLVED"
"6d1ff157-30a7-4e30-a84b-3e6902657388","Menz Guassa Community Conservation Volunteer Base","city_only","Amhara","North Shewa","guassa","RESOLVED"
"6e30a166-b1cf-4a6d-8ba8-b290c765f9c8","Lake Besaka Hydrological Phenomenon Site","both","Oromia","Metehara","lake besaka","RESOLVED"
"6ed10846-8977-4147-8645-539cc1aa8ac0","Chelba Tutiti Megalithic Burial Site","both","South Ethiopia Regional State","Wolaita Sodo","chelba tutiti","RESOLVED"
"6ed137e6-b2fb-45de-a9cb-632d60b3e26e","Aksum Stelae Field Perimeter Walk","both","Tigray","Axum","aksum","RESOLVED"
"6ee3278a-2bde-4a93-ad42-b5292b25b6f9","Borena Plain Astronomy Observation Sites","both","Oromia","Yabēlo","borena","RESOLVED"
"6eec3cd6-0847-4e46-979d-28b1aa86c20a","Lake Tana Islands Bird Sanctuaries","both","Amhara","Bahir Dar Special Zone","lake tana","RESOLVED"
"70d891ea-fc2f-47a2-9747-c78f8fc3249a","Mount Guna Ridge Dark-Sky Site","both","Amhara","Debre Tabor","mount guna","RESOLVED"
"717107ce-f6a3-4b16-a798-5e52ff9e657c","Gurage Enset Agro-Forestry Farms","both","Central Ethiopia Regional State","Welkite","gurage","RESOLVED"
"71853a5b-2c2e-416d-803e-b4bb670de0ac","Hararghe Khat & Coffee Terrace Farms","both","Harar","Harar","hararghe","RESOLVED"
"72959167-72a6-43cf-af90-6344ccf7430c","Soro Rural Agricultural Communities","both","Central Ethiopia Regional State","Hosaina","hadiya","RESOLVED"
"72e9f520-f4ea-4bac-8419-6688f25a6966","Lake Langano Watersports & Windsurfing","city_only","Oromia","Arsi Negelle","rift-valley","RESOLVED"
"739a8b04-9360-4442-8326-c61ffe7de64f","Babile Rock Formations","both","Somali","Jijiga","babile","RESOLVED"
"73ac5648-8a44-493e-81ad-74bd712adc6f","Lake Chamo Boat Safari Launch Point","city_only","South Ethiopia Regional State","Arba Minch","arba-minch","RESOLVED"
"747633e2-2aaa-42a2-a116-d54d3b9aa7ad","Lake Logipi / Afar Wetland Systems","both","Afar","Semera","logipi","RESOLVED"
"75629099-8287-4f41-8c1b-fceb18999bf1","Entoto Space Science Research Center & Observatory","both","Addis Ababa","Gulale","entoto","RESOLVED"
"758d3678-744c-4d4d-baaa-3160b2116e1b","Wonchi Crater Rim Agro-Villages","both","Oromia","Wenchi","wonchi","RESOLVED"
"75ce2351-c396-401e-9d0d-7d041e2524c4","Unity Park Imperial Dining Hall & Tea House","both","Addis Ababa","Kirkos","unity park","RESOLVED"
"76af50a0-f47f-40a6-85f9-379922cf2cbd","Arsi Dairy & Wheat Farming Estates","both","Oromia","Asella","arsi","RESOLVED"
"7763645c-ba1d-43f1-9056-1945753f1978","Lake Chew Bahir Fringe (Desert Wildlife)","both","South Ethiopia Regional State","Konso","chew bahir","RESOLVED"
"77ce857f-7bfb-4c7c-be3e-e5794e34a3b0","Blue Nile Gorge Whitewater Rafting / Trekking","both","Amhara","Debre Markos","blue nile gorge","RESOLVED"
"77d50b88-c513-48e5-bd4b-5884529a42aa","Choke Mountain Agro-Eco Trekking Loop","city_only","Amhara","Debre Markos","choke mountain","RESOLVED"
"791fd2e8-d352-4ff4-be89-1f21f63ab7d2","Kuriftu Resort & Spa Bishoftu","both","Oromia","Bishoftu","bishoftu","RESOLVED"
"7978eafa-3e91-4915-ab4e-415ca2e10beb","Simien Mountains Conservation Project Camps","city_only","Amhara","Debark","simien mountains","RESOLVED"
"79edb245-2330-4d30-a972-eb648227b2df","Gishen Pharmacy Coffee Plantation Estate","both","Amhara","Wollo","gishen","RESOLVED"
"7a00111b-9a60-4113-8a08-3fec28046725","Battlefield of Anchem","both","Amhara","Ankober","anchem","RESOLVED"
"7a5e0fe6-3e60-4db5-8eff-b9547c1883fd","West Shewa Agro-Forestry Villages","both","Oromia","Ambo","ambo","RESOLVED"
"7afecfb4-d229-4c76-9edd-ba490b0355ed","Kafa Biosphere Original Wild Coffee Forest","both","South West Ethiopia Peoples","Bonga","kafa biosphere","RESOLVED"
"7b23982e-4363-4a29-96c7-5b3f00898229","Chorora Fossil Site","both","Afar","Semera","chorora","RESOLVED"
"7bacf781-a26b-46a8-81e1-b12eeb816990","Lake Chamo Crocodile Market & Nature Reserve","city_only","South Ethiopia Regional State","Arba Minch","chamo","RESOLVED"
"7bcbed40-6495-4be9-aa57-c74b340efdbc","Debre Bizen Historic Connections / Border Monasteries","both","Tigray","Axum","debre bizen","RESOLVED"
"7cd80dc4-e5d4-47a6-8b1b-cd4b8b4252b9","Best Western Plus Pearl Spa Hub","both","Addis Ababa","Bole","best western","RESOLVED"
"7cf3597a-13a5-40f2-abad-ed22febf9b77","Lake Besaka Submerged Ghost Villages","both","Oromia","Metehara","lake besaka","RESOLVED"
"7d01281b-5acf-4850-90d2-74d00c1829cc","Simien Mountains (Gelada Baboons & Walia Ibex)","city_only","Amhara","Debark","simien mountains","RESOLVED"
"7db7e03a-a831-40a0-8d2f-d4e9b43af733","Awi Agew Cultural Region","both","Amhara","Injibara","injibara","RESOLVED"
"7de8f2d0-cea7-417d-8616-bf91e2ed6c2b","Kafa Biosphere Reserve (Wild Primates & Forest Birds)","both","South West Ethiopia Peoples","Bonga","kafa biosphere","RESOLVED"
"7f03a0a7-5543-4810-af24-c9738cd35f15","Shashemene Rastafarian Handicraft Shops","city_only","Oromia","Shashemene","shashemene","RESOLVED"
"7f7941de-606d-41f2-9784-a581d6b3a775","Alatish National Park (Lions & African Leopards)","city_only","Amhara","Alatish","alatish","RESOLVED"
"8009a153-ae22-4577-b206-fd7f5242770c","Melka Wakena Reservoir Boating Point","city_only","Oromia","Bale","melka-wakena","RESOLVED"
"808ac17a-9ec9-46a4-b8bf-91d7a9709b08","Dati Wolel National Park (Waterfowl & Primates)","both","Benishangul-Gumuz","Assosa","dati wolel","RESOLVED"
"80f516ce-6570-467e-b52d-b250909d14d8","Mekelle Martyrs Memorial Monument & Museum","both","Tigray","Mek'elē","mekelle","RESOLVED"
"810c6f17-ed36-4bc7-bef4-9af0082f5de2","Bete Maryam & Imperial Compound","both","Addis Ababa","Addis Ababa","addis ababa","RESOLVED"
"812db92e-8bc5-4ba1-aa6c-1f5a50495e53","Adwa Victory Memorial & Battlefields Museum","both","Tigray","Adwa","adwa","RESOLVED"
"828adfee-2dac-4c07-bd30-e0f392ea439c","Aira Rainforest Sanctuary","both","Oromia","Nekemte","wollega","RESOLVED"
"82aba8b1-2db2-4e2d-a571-714d5afee55b","Simien Mountains Ecology Center","city_only","Amhara","Debark","simien-mountains","RESOLVED"
"83381113-88e0-4b99-a696-5429844cbeca","Addis Ababa Railway Station Square (Lagahar)","both","Addis Ababa","Addis Ababa","addis ababa","RESOLVED"
"835093ea-45b9-4aa7-b2db-64933e21749b","Dallol Hydrothermal Geological Laboratory","city_only","Afar","Dallol","dallol","RESOLVED"
"83e79b66-f2d6-4aef-bc7b-78f8090042da","Lake Abbe Desolate Salt Chimneys & Ghost Town","city_only","Afar","Asaita","lake-abbe","RESOLVED"
"84cfd8ed-473b-42b3-9f1a-f106be9b0b5b","Lower Omo Valley Hamer Cultural Villages","both","South Ethiopia Regional State","Jinka","omo valley","RESOLVED"
"86bfa076-8fe0-4906-9393-c7b532ed92bb","Adama Science & Technology University Labs","both","Oromia","Adama","adama","RESOLVED"
"870dbcdd-f0e1-4ca5-b549-02e9b9430349","Entoto Kuriftu Resort & Spa Chalets","both","Addis Ababa","Addis Ababa","addis ababa","RESOLVED"
"8717e5d4-d053-438e-ab34-4f076e27b61f","Gidabo Reservoir Boating Pier","both","Sidama","Hawassa","gidabo","RESOLVED"
"875b32ea-050c-4fd2-b883-749a03f6646d","Konso Walled Settlements","city_only","South Ethiopia Regional State","Konso","konso","RESOLVED"
"87f36375-f6b3-4789-b379-de10e85bdc11","Maze National Park Valley","city_only","South Ethiopia Regional State","Sawla","maze","RESOLVED"
"87f84f43-33a6-42f8-8896-c33235bd2bb1","Choke Mountain Summit Stargazing Platform","city_only","Amhara","Debre Markos","choke-mountain","RESOLVED"
"8809f9f2-116f-4013-86a8-2c5a18175bda","Surma/Suri Cattle Encampments","both","South West Ethiopia Peoples","Mizan Aman","bench maji","RESOLVED"
"8852aefd-6716-4705-ade6-d70e40db9973","African Union Conference Center Concourse","both","Addis Ababa","Kirkos","african union","RESOLVED"
"885649e0-596c-4fc0-b81d-778d432372f5","Kiyaro Yoga & Forest Retreat","both","South West Ethiopia Peoples","Bonga","kafa","RESOLVED"
"8875723d-4573-45bf-9874-0ae1210d22f1","Lake Ziway Resort Wellness Grounds","both","Oromia","East Shewa","lake ziway","RESOLVED"
"892cbc79-6390-42d1-bd71-2ed79b378d1a","Woldiya Central Market","both","Amhara","Woldia","woldiya","RESOLVED"
"8956ca30-716e-4923-b7aa-61fd70fa671d","Dallol Hydrothermal Sulfur Fields","both","Afar","Dallol","danakil","RESOLVED"
"89ab6e9f-04fe-477b-95d7-c7c1c0e41884","Upper Awash Agro-Industry Citrus Orchards","both","Oromia","Awash","awash","RESOLVED"
"89b0fb74-c0f0-4cbc-8eab-43ca95b5268c","Hossaena City Hub","both","Central Ethiopia Regional State","Hosaina","hossaena","RESOLVED"
"8a2c9876-3d1d-4329-80cc-19e3e34cf107","Menz Guassa Community Lodge VIP Cabin","city_only","Amhara","North Shewa","guassa","RESOLVED"
"8ab6c3ad-4cc0-46b9-8163-aca350724db1","Lewi Resort Lake Promenade","both","Sidama","Hawassa","lewi resort","RESOLVED"
"8cd7d29e-ca5c-4c5d-9547-58b4d24745ff","Harenna Forest Canopy (Bale Monkeys & Black-and-White Colobus)","both","Oromia","Dinsho","harenna","RESOLVED"
"8dcb4a89-1e11-477e-adfc-cba608eccc66","Lake Ziway Island Public Dock","both","Oromia","East Shewa","lake ziway","RESOLVED"
"8dd89383-1d93-4358-9f05-75d34b5e5adc","Erta Ale Active Volcano & Lava Lake","city_only","Afar","Dallol","erta ale","RESOLVED"
"8e2d27ee-d1df-42eb-85d6-fd8b214bd966","Kafa Coffee Forests","both","South West Ethiopia Peoples","Bonga","kafa","RESOLVED"
"8e43f02f-24a3-47a8-ae88-2cae06889f34","Babile Elephant Sanctuary (Somali Elephants)","both","Somali","Jijiga","babile","RESOLVED"
"8e909beb-aa25-4342-881d-1faf0cd3cb30","Halala Kella Lodge Executive Retreat Center","both","South Ethiopia Regional State","Kindo Koysha","halala kella","RESOLVED"
"8f0ed152-8290-4805-98e9-e7cded62f931","Haile Resort Spa & Lakefront Retreat","both","South Ethiopia Regional State","Arba Minch","nechisar","RESOLVED"
"8f41c1ee-880f-4605-948d-d7151f570088","Konso Craft Villages & Woodcarving Outlets","city_only","South Ethiopia Regional State","Konso","konso","RESOLVED"
"8f8c7971-f9fa-4e30-bd73-2cfdde6d4cd6","Alem Bekagn Historical Prison Compound","both","Addis Ababa","Kirkos","alem bekagn","RESOLVED"
"9063a991-68a8-4abb-aa58-84e371147fbf","Lake Tana Island Monasteries (Ura Kidane Mehret, etc.)","city_only","Amhara","Bahir Dar Special Zone","lake-tana","RESOLVED"
"912c9319-94d0-4491-a362-a1aa2b995122","Bale Harenna Downhill Mountain Biking Trail","city_only","Oromia","Dinsho","harenna","RESOLVED"
"91b4d2c6-1baf-43f4-b20f-236de77fb168","Entoto Forest Reforestation Outposts","both","Addis Ababa","Gulale","entoto","RESOLVED"
"91dbff24-9719-448d-8429-56a2d907f9cf","Gishen Debre Kerbe","city_only","Amhara","Wollo","gishen","RESOLVED"
"91f5ec03-87e1-493a-adc9-d5432193b182","Mount Kundudo Plateau","both","Harar","Harar","mount kundudo","RESOLVED"
"92b7858d-63ae-40c4-8b8b-d7f22c2eed15","Konso Cultural Landscape & Terraces","city_only","South Ethiopia Regional State","Konso","konso","RESOLVED"
"93d40feb-ce2a-42b8-a1fa-176bd74f9488","Silte Agricultural Communities","both","Central Ethiopia Regional State","Worabe","worabe","RESOLVED"
"9476315f-86bd-4c97-aaf7-def273a2daaa","Entoto Park Complex","both","Addis Ababa","Gulale","entoto","RESOLVED"
"94812cd7-959b-4b3b-8045-77417362aa2b","Yeka Mikael Historic Unfinished Complex","both","Addis Ababa","Yeka","yeka mikael","RESOLVED"
"94869432-e851-4cea-b7db-939fa7be65b6","Kulubi Gabriel Church","both","Harar","Harar","hararghe","RESOLVED"
"94d5c37d-fa37-40a2-ab31-54ebcb67a3c5","Tut Fela Megalithic Site","both","South Ethiopia Regional State","Wolaita Sodo","tut fela","RESOLVED"
"94f57ddf-1897-4e4e-8c52-8b3a9c13bccf","Hadiya Traditional Homesteads","both","Central Ethiopia Regional State","Hosaina","hossaena","RESOLVED"
"9554eb6d-d648-47d0-b756-4988f68aed35","Sor Waterfall Forest Reserve","city_only","Oromia","Metu","sor-waterfall","RESOLVED"
"955e6d60-f49f-4c8d-b957-20f01cb2a2ef","Mago National Park (Buffaloes & Giraffes)","city_only","South Ethiopia Regional State","Jinka","mago","RESOLVED"
"95fec16c-2089-4eb1-bb40-3d7910f36919","Lake Abaya Red Lake Boat Excursions","both","South Ethiopia Regional State","Arba Minch","lake abaya","RESOLVED"
"96c55b56-44f3-4324-b389-ea53f6b35bc8","Gojjam Traditional Agrarian Homesteads","both","Amhara","Debre Markos","gojjam","RESOLVED"
"96d5b8bd-cbcc-423d-bd71-e1c7af28bebe","Mount Abuye Meda High-Altitude Trek","city_only","Amhara","North Shewa","menz-guassa","RESOLVED"
"979a23fe-2a2d-47a7-abae-dc2b33f33350","Yem Special Woreda Cultural Villages","both","South Ethiopia Regional State","Sawla","yem","RESOLVED"
"98488f14-3547-441e-89f0-77b416fdad3d","Kwegu Indigenous Fishing Villages","both","South Ethiopia Regional State","Jinka","lower omo","RESOLVED"
"985d43dc-05d4-43c9-9394-f0cb0a06c034","Gheralta Massif Free Solo/Climbing Routes","both","Tigray","Halah Gheralta","gheralta","RESOLVED"
"98c1ea10-4a2e-43bb-b9e2-013369decee7","Lake Besaka Quad Biking","both","Oromia","Metehara","lake besaka","RESOLVED"
"990bab76-f1d7-4a01-8cbf-95a413e5cf62","Doho Lodge & Thermal Springs Retreat","city_only","Afar","Awash","doho-lodge","RESOLVED"
"991aae19-c03d-463e-8972-7315ecc8ff17","Senkele Sanctuary (Swaynes Hartebeest)","both","Oromia","Wajira Hudo","hartebeest","RESOLVED"
"994caadf-34b4-425e-a463-f421f7789912","Sheka Rainforest Community Conservation Outposts","both","South West Ethiopia Peoples","Masha","sheka","RESOLVED"
"9965e3e8-94cd-47f5-a2cb-1f9b54a77425","Sof Omar Underground Cave Geomorphology Site","both","Oromia","Sof Omar","sof omar","RESOLVED"
"99e4f495-c8c9-4080-a4be-19a62d296698","Danakil Salt Flat Camel Caravans","city_only","Afar","Dallol","camel-caravan","RESOLVED"
"9a56505f-aa6c-483b-afbb-e357ef11b7ae","Mount Fentale Lava Fields","city_only","Oromia","Metehara","fentale","RESOLVED"
"9ae04c21-11f2-497e-ab55-0d70ea594866","Bora Crater Lake Expedition","both","Oromia","Bishoftu","bishoftu","RESOLVED"
"9af706fa-5816-450d-8b1d-0c0054c5703d","Winifred Thermal Retreat","both","Oromia","Ambo","ambo","RESOLVED"
"9b41010d-256d-49e3-a5d8-3274cbafac53","Ambo Mineral Stone Crafts Stalls","both","Oromia","Ambo","ambo","RESOLVED"
"9cf8629a-5d09-4add-9bee-8d89ce0f44cc","Asheten Maryam Monastery","both","Amhara","Lalibela","lalibela","RESOLVED"
"9d095ae9-630c-4366-a967-537dd17b1062","Lake Langano Sunset over Golden Waters","city_only","Oromia","Langano","langano","RESOLVED"
"9d5f8831-95c6-4402-bb6d-e5d2d51a4fbd","Fejej Paleontological Site","both","South Ethiopia Regional State","Jinka","south omo","RESOLVED"
"9db1e1d4-5ba2-4000-93ac-a0a0d2a5c195","Church of Our Lady Mary of Zion (Arc of the Covenant)","both","Tigray","Axum","axum","RESOLVED"
"9e43ef47-9766-48de-a223-dbb837559cda","Yeha Archaeological Museum","city_only","Tigray","Yeha","yeha-museum","RESOLVED"
"9f077fc3-adef-4f23-aa41-eec7ed8b126a","Ankober Escarpment (Ankober Serin Spotting)","both","Amhara","Ankober","ankober","RESOLVED"
"9f2b1214-5912-4aa3-baf1-cde511a0f0fc","Tulu Moye Geothermal Retreat Zone","city_only","Oromia","Arsi Negelle","geothermal","RESOLVED"
"9fc01cc9-3dc5-4a9e-9dbf-02200bcee829","Sheka Forest Biodiversity Research Center","both","South West Ethiopia Peoples","Masha","sheka","RESOLVED"
"9fd98183-74ba-4250-b0fc-7c931db0acd7","Grand Resort & Spa Flat Gardens","both","Amhara","Bahir Dar","grand resort","RESOLVED"
"a1ef5df7-cce4-45d0-ba46-7f308e494537","Lake Boyo Wetlands (Cranes & Waterfowl)","both","South Ethiopia Regional State","Sawla","lake boyo","RESOLVED"
"a36e1261-f724-4624-a1c2-3052f5045f9b","Dorze Bamboo Elephant Houses & Weaving Village","both","South Ethiopia Regional State","Chencha","chencha","RESOLVED"
"a4590c74-818e-4c5d-b77a-f0d086057790","Golden Tulip Hotel Meeting Halls","both","Addis Ababa","Bole","golden tulip","RESOLVED"
"a584404f-6bdc-4509-b15b-f3849b06d125","Planet Hotel Wellness Center","both","Tigray","Mek'elē","mekelle","RESOLVED"
"a5df60e9-c2d9-4a85-bf82-f339274cab73","Omo River Delta Boat Safaris","both","South Ethiopia Regional State","Omorate","dassanech","RESOLVED"
"a64316d3-1e4b-4c96-b429-3998b8e8d0d9","Liben Plains (Endemic Sidamo Lark Spotting)","both","Oromia","Yabēlo","liben-plains","RESOLVED"
"a69a4f2a-a69b-4d64-837c-5bf3eedd0c69","Tana Qirqos Island Boat Access Point","city_only","Amhara","Bahir Dar Special Zone","tana-qirqos","RESOLVED"
"a69cdcf8-67e2-4923-82db-a3e87eef84a3","Abijatta-Shalla Lakes National Park (Flamingos & Waterbirds)","city_only","Oromia","Arsi Negelle","rift-valley","RESOLVED"
"a6d4fa71-f780-48c5-a115-162a08f816ca","Dallol Hydrothermal Fields","city_only","Afar","Dallol","dallol","RESOLVED"
"a739aaa5-5c63-489e-b0de-d4432dc62de7","Nyangatom Community Villages","both","South Ethiopia Regional State","Omorate","nyangatom","RESOLVED"
"a86ee5bc-cd7e-4a91-9f3e-7af4e40039d1","Choke Mountain High-Altitude Running Circuit","city_only","Amhara","Debre Markos","choke mountain","RESOLVED"
"a8f499a1-073c-4219-92ae-7e4a4ebdea65","Gedeo Sacred Cultural Landscape","both","South Ethiopia Regional State","Yirga Cheffe","gedeo","RESOLVED"
"a9666c25-4c4b-4bdf-abd6-95ca09b2891f","Chebera Churchura Wild Elephant Herds","city_only","South West Ethiopia Peoples","Bonga","chebera-churchura","RESOLVED"
"a9dffab7-8c8d-417c-8a30-4e5dbdc067ce","Harar Jugol Walled City","both","Harar","Harar","harar","RESOLVED"
"aa0ffa48-cede-4d4c-999d-1fa870f9141c","Konso Walled Terraces Panorama","city_only","South Ethiopia Regional State","Konso","konso","RESOLVED"
"aa6c0945-3928-4d30-afd3-651362c8152d","Bole Ambassader Public Promenade","both","Addis Ababa","Bole","bole ambassader","RESOLVED"
"aa7db2b3-e978-40ef-a447-af33678cf9f5","Lake Shalla Deep Water Boating Access","city_only","Oromia","Arsi Negelle","shalla","RESOLVED"
"abad81e9-d84c-4846-b88c-ab64a36b4327","Konso Paleontological Site","city_only","South Ethiopia Regional State","Konso","konso","RESOLVED"
"abce70c4-d1f2-4ed5-bfd9-b63ffcc199e0","Gurage Cultural Enset (False Banana) Homesteads","both","Central Ethiopia Regional State","Welkite","gurage","RESOLVED"
"aca6e86c-fb19-4fe4-b441-3791249ebde2","Entoto Maryam Church","both","Addis Ababa","Gulale","mount entoto","RESOLVED"
"acf09791-c56d-4e12-b883-14bbcf964393","Karamara War Memorial Park","both","Somali","Jijiga","jijiga","RESOLVED"
"ad3b739a-efe0-428e-abbc-fd39480657dc","Awash National Park (Beisa Oryx & Anubis Baboons)","both","Oromia","Awash","awash national","RESOLVED"
"ad62ee0f-0424-4851-a1d7-5c32903add84","Mekelle Planet Resort Sports Facilities","both","Tigray","Mek'elē","mekelle","RESOLVED"
"ae586ea6-be22-47cb-a0b6-79775802dc87","Mount Abuye Meda Dark-Sky Outpost","city_only","Amhara","North Shewa","abuye-meda","RESOLVED"
"aed683d3-0307-4abb-98f3-a8e25645aa21","Lake Koka Dam Boating Launch","both","Oromia","Adama","koka dam","RESOLVED"
"af7bb4ed-fff5-4e06-b5da-fc329d82d1fe","Wonchi Crater Lake Wellness Lodge","both","Oromia","Wenchi","wonchi","RESOLVED"
"afca8363-2f78-4c8e-91cf-afe3abfab5bb","Haile Grand Addis Ababa Luxury Suites","both","Addis Ababa","Addis Ababa","addis ababa","RESOLVED"
"affd4889-de6c-4dd1-aa73-05087cb2537f","Ethio-American Doctors Hospital Complex","both","Addis Ababa","Bole","ethio-american","RESOLVED"
"b03d1698-6c76-41fa-a74d-29805896d22f","Wolisso Hot Springs Waterfall Streams","both","Oromia","Waliso","wolisso","RESOLVED"
"b044136b-5159-4c41-8d0f-f205bafc2af9","Bole Fawkner / City Tennis & Sports Clubs","both","Addis Ababa","Bole","bole fawkner","RESOLVED"
"b0593f5d-c975-467a-8583-b01faf1afd22","Marriott Executive Apartments Business Hub","both","Addis Ababa","Kirkos","marriott executive","RESOLVED"
"b14ecf8a-6df7-4193-85e5-28ced46f78aa","Raya Azebo Commercial Agro-Farms","both","Afar","Semera","raya azebo","RESOLVED"
"b1693eaa-a9a5-4e24-8d9b-f6cbf55415ad","Kera Leather Market Zone","both","Addis Ababa","Kirkos","kera","RESOLVED"
"b1a65bc3-e022-4324-aca5-cb2fd04db0c9","Sidama Yirgalem Coffee Estates & Tasting Circuit","both","Sidama","Irgalem","irgalem","RESOLVED"
"b23868c7-7502-47f0-b40e-465c1581a15d","Wondo Genet Natural Thermal Spa","both","Sidama","Wondo Genet","wondo genet","RESOLVED"
"b2389ebb-016a-4235-9ea5-93a8fee8b962","United Nations Conference Centre (UNCC-ECA)","both","Addis Ababa","Addis Ababa","addis ababa","RESOLVED"
"b23d5681-12bb-488c-b0ba-9dc07402bb6f","Intercontinental Addis Business Center","both","Addis Ababa","Kirkos","kazanchis","RESOLVED"
"b2719832-bb7c-4ad6-924d-2fd7cd4783aa","Mount Menagesha Peak Hike","both","Oromia","Menagesha","menagesha","RESOLVED"
"b2cc4241-dbb0-4484-a7f0-0081725bec7b","Wolayta Cultural Village Centers","both","South Ethiopia Regional State","Wolaita Sodo","wolayta","RESOLVED"
"b474cb05-04e1-4512-bd7b-3383bafff91d","Mount Karayu Lava Tube Caving","both","Oromia","Metehara","fantale","RESOLVED"
"b4a07b20-3354-418a-a80b-17a2ac4d0189","Ethnological Museum at Addis Ababa University","both","Addis Ababa","Gulale","ethnological museum","RESOLVED"
"b587b09e-5cf7-46bb-ab15-2883d5dbb624","Assosa Urban Center","both","Benishangul-Gumuz","Assosa","benishangul","RESOLVED"
"b591f80f-e757-4848-b688-e50b97007931","Sheraton Addis Resort Grounds & Boardwalks","both","Addis Ababa","Kirkos","sheraton addis","RESOLVED"
"b59727e4-d721-47d4-b534-ffdc553357e5","Debre Zeit Agricultural Research Center","both","Oromia","Bishoftu","debre zeit","RESOLVED"
"b6046336-8442-4977-850f-14dfd8c9d66f","Friendship Park Phase I & II","both","Addis Ababa","Bole","friendship park","RESOLVED"
"b66b300d-f7f3-4aea-aece-a0c1a5518667","Kafa Coffee Biosphere Reserve Research Station","both","South West Ethiopia Peoples","Bonga","kafa","RESOLVED"
"b697b80e-b8f3-4880-92a9-8b2279b70a5a","Weyto Crafts & Reed Boat Community","both","Amhara","Bahir Dar Special Zone","weyto","RESOLVED"
"b6d0822a-e078-4fe7-a40f-d464fda30f7e","Gorgora Eco-Resort Villa Suites","both","Amhara","Bahir Dar Special Zone","lake tana","RESOLVED"
"b6d115e1-9702-4726-a874-591db2868a7a","Tulu Moye Geothermal Thermal Wells","both","Oromia","Arsi Negelle","tulu moye","RESOLVED"
"b7859b5c-c334-446f-bb0c-32d5b320250c","Sheka Rainforest Honey Outlets","both","South West Ethiopia Peoples","Masha","sheka","RESOLVED"
"b786899e-1235-4309-8773-302db27fe085","Paradise Lodge VIP Bungalows","both","South Ethiopia Regional State","Arba Minch","paradise lodge","RESOLVED"
"b79a32d5-6c63-4cc1-becb-c2f1eba832b7","Grand Resort and Spa MICE Facilities","both","Amhara","Bahir Dar","grand resort","RESOLVED"
"b7b844b3-22fb-437a-8e8f-627a9593794e","Lake Tana Outlet & Papyrus Boats","city_only","Amhara","Bahir Dar Special Zone","lake-tana","RESOLVED"
"b7bfc38d-0f85-4a35-bebf-58be47ede083","Lake Tana Outlet to Blue Nile Falls Boat Route","both","Amhara","Tis Abay","blue nile falls","RESOLVED"
"b7cda2f1-eaef-40d3-b85d-40f2ccd26f66","Yemrehanna Kristos Cave Church","both","Amhara","Lalibela","yemrehanna kristos","RESOLVED"
"b81ee5f1-0025-46e8-892d-32113fa97521","Karrayyu Plain Overland Safari","both","Oromia","Adama","east-shewa","RESOLVED"
"b87059a5-5673-48c5-839a-b2b0997a6f55","Simien Escarpment Ridge Trekking","city_only","Amhara","Debark","simien","RESOLVED"
"b8802b66-fe0e-4ee7-af1b-888ac78b6f90","Nigat Lake Resort VIP Cabins","both","Oromia","Nekemte","nigat lake","RESOLVED"
"b90d1e5f-6af8-4c9b-992c-101e44d8ac58","Senkele Sanctuary Open Plain Night Sky","both","Oromia","Wajira Hudo","senkele","RESOLVED"
"b93352cd-2f5c-4b4f-a433-9380939782cd","Addis Ababa Science Museum Space & Aviation Wing","both","Addis Ababa","Kirkos","science museum","RESOLVED"
"b9519fdf-5fc5-41bb-acd1-23bddbbb0383","Lake Chamo Crocodile Market (Nile Crocodiles & Hippos)","both","South Ethiopia Regional State","Arba Minch","lake chamo","RESOLVED"
"b9a23bb4-1ffc-4535-b70e-56ed34bdde64","Borena Saynt National Park (Gelada Baboons)","both","Oromia","Yabēlo","borena","RESOLVED"
"ba001415-e817-4ba5-91ab-19576b02886c","Abijatta-Shalla Flamingos & Salt Crust Lakes","both","Oromia","Arsi Negelle","abijatta-shalla","RESOLVED"
"ba333088-9c00-4ee7-b962-298e550aefba","Churchill Avenue Public Walkway","both","Addis Ababa","Kirkos","churchill avenue","RESOLVED"
"ba380ed4-ea00-42e0-9a34-ae2427ca9117","Sof Omar Cave Pillars & Light Shafts","both","Oromia","Sof Omar","sof omar","RESOLVED"
"ba5ee543-3d16-4d06-83b9-fc0de1b389c4","Bale Mountains National Park & Harenna Cloud Forest","both","Oromia","Dinsho","bale mountains","RESOLVED"
"ba88e856-c9a7-46a7-81f5-41cb3cfe90ad","Kafa Biosphere Reserve","both","South West Ethiopia Peoples","Bonga","kafa biosphere","RESOLVED"
"ba97f6e3-ded6-4b0f-9b91-c34ce33838c4","Guji Coffee Farm Plantations","both","Oromia","Shakiso","shakiso","RESOLVED"
"ba9f56d3-b00a-4c7a-8531-0833b494f3cd","Lake Langano Public Beach Access","city_only","Oromia","Langano","langano","RESOLVED"
"bb297d28-8b26-43f4-87ad-45513e12cbbe","Senkele Hartebeest Sanctuary Conservation Center","both","Oromia","Wajira Hudo","hartebeest","RESOLVED"
"bb55b346-d2fa-403f-8891-d4d865bf798d","Ethiopian Institute of Agricultural Research (EIAR - Holeta)","both","Oromia","Holeta","holeta","RESOLVED"
"bb7553ff-8dce-4d61-ac69-ce032ad551d9","Konso Sorghum Beer (Pardo) & Local Dish Centers","both","South Ethiopia Regional State","Konso","konso","RESOLVED"
"bba05c41-e598-4829-b96a-281cd5bb56bc","Guge Mountain High-Altitude Alpine Ecosystem","both","Amhara","Debre Tabor","guge mountain","RESOLVED"
"bbba8177-f6f8-4379-bb72-c74eddfef287","Asham Africa Executive Lake Suites","both","Oromia","Bishoftu","bishoftu","RESOLVED"
"bbbd1301-3228-4439-bb78-cc3abaa079a5","Getfam Hotel Presidential Suite","both","Addis Ababa","Kirkos","getfam hotel","RESOLVED"
"bc5c38df-1497-4ecd-96d1-924bc1f164fe","Menz Guassa gelada baboon troops on cliff edges","both","Amhara","North Shewa","menz guassa","RESOLVED"
"bcd68e30-4fab-43ff-b93d-67a768a35b86","Battlefield of Maichew","both","Tigray","Alamata","maichew","RESOLVED"
"bd1ca5ba-8165-4805-9eb5-c49d8b293553","Addis Ababa Leather Goods Boutique Outlets","both","Addis Ababa","Addis Ababa","addis ababa","RESOLVED"
"bd57c662-08da-46da-bffa-c648362a13bc","Nechisar Bridge of God Ridge","both","South Ethiopia Regional State","Arba Minch","nechisar","RESOLVED"
"bda1d2aa-2b5c-4c90-a201-bfc2793fa645","Arbore Cultural Settlement","both","South Ethiopia Regional State","Konso","chew bahir","RESOLVED"
"bdc914c6-b0cc-4302-ad5a-7496a8b5f740","Addis Ababa Shiro Meda Shiro Tasting Outlets","both","Addis Ababa","Addis Ababa","addis ababa","RESOLVED"
"bdd10ec0-fe1e-4536-b60a-400ed9c2804a","Haile Grand Hotel Promenade","both","Addis Ababa","Bole","haile grand","RESOLVED"
"bdd6772f-6bfb-4879-bdb6-f65d3ce9c837","Gorgora Eco-Resort & Lake Tana Shore","both","Amhara","Bahir Dar Special Zone","lake tana","RESOLVED"
"be0be554-18e3-4a59-b93e-6d77199792a3","Lower Awash Valley","both","Oromia","Awash","awash","RESOLVED"
"be24de44-9b7a-47c4-8687-51d5883c45e7","Dinsho Sanctuary & Forest Park","both","Oromia","Dinsho","bale mountains","RESOLVED"
"be311a32-b448-41f8-8f63-647f6f77af15","Bale Mountains Reforestation & Conservation Outposts","both","Oromia","Dinsho","bale mountains","RESOLVED"
"be475223-1ec6-4fca-abca-1460ed81b275","Axum King Bazens Tomb","both","Tigray","Axum","axum","RESOLVED"
"beab2afc-d527-4d16-966c-139621393de9","Ayder Comprehensive Specialized Hospital","both","Tigray","Mek'elē","mekelle","RESOLVED"
"bf5bc580-1fa1-40cd-9318-e7976d9762cd","Yirgacheffe Coffee Bean Buying Cooperatives","both","South Ethiopia Regional State","Yirga Cheffe","yirgacheffe","RESOLVED"
"bf6a9db1-5f34-4588-831c-f56b6debc699","Ethiopian Skylight Hotel Premium Wing","both","Addis Ababa","Bole","skylight","RESOLVED"
"bf769125-da9b-49e1-bd60-ea7ecdb4c2b2","Bole Brass Bakery & Ethiopian Pastry Circuit","both","Addis Ababa","Bole","bole brass","RESOLVED"
"bf9007da-9802-469e-8a39-7298e9991d49","Unity Park & Imperial Palace Compound","both","Addis Ababa","Kirkos","unity park","RESOLVED"
"c06dbff9-909d-4784-b3dd-a813bd5aad65","Specialized Kitfo Restaurants District","both","Central Ethiopia Regional State","Welkite","gurage","RESOLVED"
"c0790a25-dedf-41d2-9ed5-29c856eed804","Lake Boyo Boating Access","both","South Ethiopia Regional State","Sawla","lake boyo","RESOLVED"
"c08bc924-0acd-43cb-9f12-bbc3ea1da327","Wonchi Crater Lake Wooden Boat Crossing Points","both","Oromia","Wenchi","wonchi","RESOLVED"
"c0b7dbc0-d2f1-4be1-84bf-e3299256a73b","Lake Langano Shorelines (Birdwatching Circuit)","both","Oromia","Langano","lake langano","RESOLVED"
"c179481b-6c20-4865-b8f5-dbcb192b4f58","Battlefield of Gura Historic Zone","both","Tigray","Adwa","gura","RESOLVED"
"c1a6a16f-b964-4020-996f-e52242832066","Gibe Sheleko National Park (Hippos & Antelopes)","city_only","Oromia","Jimma","gibe","RESOLVED"
"c24b3f36-1bf5-4f43-84b4-4bbf702c8125","Menz Guassa Alpine Dark-Sky Conservation Reserve","both","Amhara","North Shewa","menz guassa","RESOLVED"
"c2a5f29a-8add-47cb-b37b-afe5615dff82","Lewi Resort Lakefront Presidential Villas","both","Sidama","Hawassa","lake hawassa","RESOLVED"
"c2c2d6ce-e4ff-4cfa-8c01-919b7023a595","Project Ethiopia Community Projects","both","Addis Ababa","Addis Ababa","project ethiopia","RESOLVED"
"c2c38c81-48d4-497e-87ff-d0758826c84c","Awash River Valley Birding Trail","both","Oromia","Arsi Negelle","rift valley","RESOLVED"
"c308b7ca-980c-4258-ac88-d390865e20c2","Gorgora Lakefront Wellness Thermal Springs","both","Amhara","Bahir Dar Special Zone","lake tana","RESOLVED"
"c3787e08-91b7-48a7-a6e5-cfa5aad25850","Dirre Sheikh Hussein Islamic Shrine","both","Oromia","Sheik Hussein","sheikh hussein","RESOLVED"
"c3857f50-9955-4876-b3e6-19e9ede617b0","Wolayta Enset & Root Crop Demonstration Farms","both","South Ethiopia Regional State","Wolaita Sodo","wolayta","RESOLVED"
"c3c9d58f-18ce-48c3-94d5-140fc8406d02","Best Western Plus Pearl Luxury Wing","both","Addis Ababa","Bole","best western","RESOLVED"
"c47e7771-4ec9-4e1c-87e6-4819fc1cf1a6","Paradise Lodge Spa & Nature Retreat","both","South Ethiopia Regional State","Arba Minch","paradise lodge","RESOLVED"
"c48cf56c-8d47-4e35-a941-7d14e0fe1db0","Bati Camel Market Massive Encampment","both","Amhara","Bati","bati","RESOLVED"
"c4ab2a3f-ee1f-4113-b6f1-70e95604faba","Gidole Historical Fortifications","both","South Ethiopia Regional State","Gidole","gidole","RESOLVED"
"c63b0741-da33-4f2c-8a84-e52814f969cd","Halala Kella Luxury Presidential Lodge","both","South Ethiopia Regional State","Kindo Koysha","halala kella","RESOLVED"
"c644698a-faaa-474f-9a3c-913f713849f4","Gedeo Terraces Soil Conservation Projects","both","South Ethiopia Regional State","Yirga Cheffe","gedeo","RESOLVED"
"c66c5518-fc5c-43e0-8db8-62928fff08e5","Shashemene Rastafarian Village Walk","both","Oromia","Shashemene","shashemene","RESOLVED"
"c69c8eff-ee2c-473f-8102-5e00f9f366f3","Simien Mountains National Park","city_only","Amhara","Debark","simien mountains","RESOLVED"
"c7472836-4b47-4f35-b75c-3e6b91dc752d","Leku Sidama Basketry Outlets","both","Sidama","Hawassa","sidama","RESOLVED"
"c74ec0f3-cc83-492e-83ef-e848a7f1c346","Wenchi Crater Rim Stargazing Grounds","both","Oromia","Wenchi","wenchi crater","RESOLVED"
"c758dc1d-f331-43f5-8391-6618dd72af28","Narga Selassie Island Monastery","both","Amhara","Bahir Dar Special Zone","dek island","RESOLVED"
"c793a71f-abbc-4db9-96ff-5c90e817e977","Unity Park Botanical & Cultural Educational Wing","both","Addis Ababa","Kirkos","unity park","RESOLVED"
"c7b77278-f7c6-434d-ab40-d4435aa9aee4","Lake Chamo Crocodile Market Shore","city_only","South Ethiopia Regional State","Arba Minch","lake-chamo","RESOLVED"
"c7d9ce90-b7e9-4e67-89eb-d6097111ee39","Teferra specialized Cardiac Clinic","both","Addis Ababa","Bole","cardiac clinic","RESOLVED"
"c8018a74-ffd7-4341-a735-7a7041108187","Simien Mountains Ras Dashen Dark-Sky Plateau","city_only","Amhara","Debark","simien mountains","RESOLVED"
"c80324f7-a8ac-49d2-984a-1363d4a01d2b","Gore-Meti Rainforest Off-Roading","both","Oromia","Gore","gore","RESOLVED"
"c8106f86-c5a5-4155-b9c0-843f43e74df1","Afar HamadEla Nomadic Flatbread & Roasted Goat Sites","both","Afar","Dallol","hamadela","RESOLVED"
"c8314a67-e6f0-462f-a0b5-f89adcd07412","Shashemene Rastafarian School & Community Volunteers","both","Oromia","Shashemene","shashemene","RESOLVED"
"c84f5b62-9037-4c44-b17d-2ec447c4d113","Dire Dawa Railway Station Historic Grounds","both","Dire Dawa","Dire Dawa","dire dawa","RESOLVED"
"c9577d03-df72-451d-8753-0634bb21b5b0","Capital Hotel & Spa Executive Suites","both","Addis Ababa","Bole","capital hotel","RESOLVED"
"c97a3843-b2a7-40eb-9556-760eb4719a37","Yirgalem Aregash Natura Lodge","both","Sidama","Irgalem","irgalem","RESOLVED"
"c9aadb98-ff7c-46c2-9c51-e3ce746d3977","Ledi-Geraru Fossil Site","both","Afar","Semera","ledi-geraru","RESOLVED"
"c9e51ff6-14bf-4b3a-b67d-a7077395aa6d","Ambo Mineral Water & Traditional Meat Houses","both","Oromia","Ambo","ambo","RESOLVED"
"c9fa1b0f-5aea-47e9-bedc-a2eb0f81ba81","Wukro Chirkos Rock-Hewn Church","both","Tigray","Wukro","wukro","RESOLVED"
"ca107b8f-38d9-463b-93fa-900d3dc3c7ea","Yangudi Rassa National Park (African Wild Ass)","city_only","Afar","Semera","yangudi-rassa","RESOLVED"
"ca8b058d-8a0f-4be6-a308-b19e065fcc52","Alatish National Park","city_only","Amhara","Alatish","alatish","RESOLVED"
"cabd417b-7068-42f3-9e54-94a4c910a935","Fincha Sugar Cane Estate & Valley","both","Oromia","Nekemte","wollega","RESOLVED"
"cb069543-1748-406e-85c5-a1ce6a139fbe","Abebech Gobena Childrens Care Center","both","Addis Ababa","Bole","abebech gobena","RESOLVED"
"cb38f3d5-5889-4363-beeb-aaf60ba7c5fd","Biyo Karaba Battle Monument","both","Harar","Harar","hararghe","RESOLVED"
"cb48a7f7-9b77-419e-87e3-155d66bfe051","Menz Highland Sheep-Wool Weaving Settlements","both","Amhara","North Shewa","menz","RESOLVED"
"cb6263ff-6d91-4ec3-b653-624f067d0a72","Bahir Dar Marine Port & Lake Tana Boat Excursions","city_only","Amhara","Bahir Dar Special Zone","lake-tana","RESOLVED"
"cc03ab07-e8c5-4875-aa6b-ff703490518e","Gudit Stelae Field / Ancient Necropolis","both","Tigray","Axum","axum","RESOLVED"
"cc41f408-e4b5-4ed8-9d1f-6163c440bc60","Adwa Victory Memorial Plaza","both","Addis Ababa","Addis Ababa","addis ababa","RESOLVED"
"cc651d7e-3e4a-4581-801b-2759342e9238","Ethiopian Red Terror Memorial Museum","both","Addis Ababa","Kirkos","red terror","RESOLVED"
"cca58efb-210d-46e4-bdc7-e18d09c0f047","Battlefield of Adwa","both","Tigray","Adwa","adwa","RESOLVED"
"ccca7f40-195e-4bbb-9b40-eef93c2d3c19","Melka Kunture Paleolithic Site","both","Oromia","Melka Awash","melka kunture","RESOLVED"
"cd0b9480-c5e4-4ad6-9fea-3a06caf2b957","Borena Pastoralist Singing Wells Action Shots","both","Oromia","Yabēlo","borena","RESOLVED"
"cd27f056-465d-4de6-885a-3303d66bb62c","Ziway Sher Flower Farms & Greenhouses","both","Oromia","East Shewa","ziway","RESOLVED"
"cdd44bf2-aac8-4bd7-903c-c8becde358ba","Bishoftu Babogaya Watersports Outpost","both","Oromia","Bishoftu","bishoftu","RESOLVED"
"ce315b42-117f-4561-9e47-159111abbb8d","Goba to Delo Mena Harenna Forest Mountain Biking","both","Oromia","Dinsho","harenna","RESOLVED"
"cee7e00f-e1be-4c5b-8530-409d3c0cc123","Degua Tembien Highlands (Birdlife & Raptors)","both","Tigray","Halah Gheralta","degua tembien","RESOLVED"
"d0c78cdc-e007-4232-81b4-a00a2a3d0365","Bishoftu Kuriftu Waterpark & Watersports Center","both","Oromia","Bishoftu","bishoftu","RESOLVED"
"d0f6ae18-31eb-4c9c-aa39-eb90c6529f1d","Bale Harenna Escarpment Paragliding","both","Oromia","Dinsho","harenna","RESOLVED"
"d16140a6-e1a1-4ac3-a1f9-b7b08ba9bbd6","Sof Omar Geomorphology Education Site","both","Oromia","Sof Omar","sof omar","RESOLVED"
"d1960692-3be1-4dd9-9704-792abf9649dc","Wolisso Traditional Oromo Dish Outlets","both","Oromia","Waliso","wolisso","RESOLVED"
"d19b0076-cc1c-42ed-9e0e-fedf79181c99","Wolayta Sodo Enset & Bulla Dish Centers","both","South Ethiopia Regional State","Wolaita Sodo","wolayta sodo","RESOLVED"
"d1a5ceb5-e488-4a1e-811e-1e5b18bf6f85","Debre Markos Comprehensive Hospital","both","Amhara","Debre Markos","debre markos","RESOLVED"
"d1e5d3ca-937e-4599-be47-2221add9304d","Skylight Hotel Convention & Exhibition Center","both","Addis Ababa","Bole","skylight","RESOLVED"
"d2b651f4-500d-4e36-971a-d9757c2471fa","Harar Jugol Walled Historic Urban Center","both","Harar","Harar","harar","RESOLVED"
"d308d163-cb67-4f16-82cc-bfde3e42667e","Melka Kunture & Balchit Prehistoric Sites","both","Oromia","Melka Awash","melka kunture","RESOLVED"
"d37a302d-a566-4feb-8677-a5615194a1fa","Gurage Agricultural Enset Villages","both","Central Ethiopia Regional State","Welkite","gurage","RESOLVED"
"d3e114d6-9200-4ddf-a2f0-5facfd55520b","Lake Kuriftu Resort Private Boating Pier","both","Oromia","Bishoftu","kuriftu","RESOLVED"
"d403b0cc-d554-42ae-bb06-6f9761dc9a67","Gullele Botanic Garden Research & Planting Base","both","Addis Ababa","Gulale","gullele botanic","RESOLVED"
"d40e83d4-324f-4ae4-8c3a-f135f1dea77e","Bishoftu Kuriftu Resort & Spa MICE Facilities","both","Oromia","Bishoftu","bishoftu","RESOLVED"
"d43c3571-c894-49a4-a2cf-c74c1f62b4ba","Nigat Lake Resort Boating Docks","both","Oromia","Nekemte","nigat lake","RESOLVED"
"d6cd3ad9-9dca-4129-8ea9-1f90382595bd","Mount Choke Alpine Zone (Highland Endemics)","both","Amhara","Debre Markos","choke","RESOLVED"
"d6df88bd-3851-4bfa-8035-ded28f9bf6f1","Ura Kidane Mehret Boat Pier","both","Amhara","Bahir Dar Special Zone","zegie","RESOLVED"
"d6f4b506-358c-4c07-8613-545df8856a24","Argobba Heritage Villages","both","Afar","Semera","argobba","RESOLVED"
"d9200ca5-7926-41cc-a947-69ca12c42f63","Hossaena Deaf Education & Training Center","both","Central Ethiopia Regional State","Hosaina","hossaena","RESOLVED"
"da090c95-b649-47c3-b1a3-ec24daee6852","Karo Village of Korcho","both","South Ethiopia Regional State","Omorate","karo village","RESOLVED"
"da75ccf6-1c7c-4820-adcd-137529a8fcb1","Ankober Dungeon & Historical Exiles Site","both","Amhara","Ankober","ankober","RESOLVED"
"daa5fe9a-bba1-478f-ac29-4df3e649c514","Kunzila Lakefront Jetty","both","Amhara","Bahir Dar Special Zone","lake tana","RESOLVED"
"dac81ac1-35fc-432e-9cd8-daf0752fcc5d","Gondar University Comprehensive Specialized Hospital","both","Amhara","Gondar","gondar","RESOLVED"
"db32061a-ab70-4f9b-ac1f-43199b1eec7f","Sof Omar Caves System","both","Oromia","Sof Omar","sof omar","RESOLVED"
"db321a40-1895-499a-b7e3-0d36dcd6075f","Wolisso Urban Hub","both","Oromia","Waliso","wolisso","RESOLVED"
"db593f69-6a53-49a8-b2ee-7ef49c5e7aa5","Sor Waterfall Caving & Trek","both","Oromia","Metu","sor waterfall","RESOLVED"
"db62f9e9-528d-4391-8bf2-1b6942014eda","Kahtasa Community Conservation Area","both","Tigray","Halah Gheralta","kahtasa","RESOLVED"
"dbf38013-7737-452c-b446-a1bafad5c7de","Ramada by Wyndham Executive Wing","both","Addis Ababa","Bole","ramada","RESOLVED"
"dc09a11b-a8d9-415f-8219-aeb1b62bb939","Bale Mountains (Ethiopian Wolf & Mountain Nyala)","both","Oromia","Dinsho","bale mountains","RESOLVED"
"dc5beebd-989a-421f-bc04-1acf95121a0b","Abijatta-Shalla Lakes Research Outpost","both","Oromia","Arsi Negelle","abijatta-shalla","RESOLVED"
"dc6033f3-6e96-480e-bc1c-1a585c1faf16","Debre Zeit Agricultural Research Farm Outposts","both","Oromia","Bishoftu","debre zeit","RESOLVED"
"dc659384-abee-4587-a7cb-8c8905a2338e","Babile Elephant Sanctuary Patrol Support Camps","both","Somali","Jijiga","babile","RESOLVED"
"dc6c13c6-9881-429d-9cce-bdbf3a3320b7","Debre Wegag Monastery","both","Amhara","Bahir Dar Special Zone","lake tana","RESOLVED"
"dd373029-f367-4677-9213-c7074713ac9d","Menz Guassa Community Conservation Area","city_only","Amhara","North Shewa","guassa","RESOLVED"
"de0111c1-703e-4a89-b998-99ca0df03a61","Ethnological Museum at Addis Ababa University","both","Addis Ababa","Gulale","ethnological museum","RESOLVED"
"de476c5c-1f7b-44e6-b522-a1b087934aab","Korcho Karo Village","both","South Ethiopia Regional State","Omorate","karo village","RESOLVED"
"de804fb7-93e7-425c-9ea1-55219fe34242","Bodi & Suri Cattle Culture Settlements","both","South West Ethiopia Peoples","Mizan Aman","suri","RESOLVED"
"deaec14b-0031-4456-866d-2ac585815219","Elilly International Hotel VIP Wing","both","Addis Ababa","Kirkos","kazanchis","RESOLVED"
"deb3bf1c-c2a1-4b71-a02c-fd7d9e92e1c2","Illubabor Rainforest Edge Villages","both","Oromia","Gore","gore","RESOLVED"
"df9ba565-7a8a-434a-a692-a89f70761e4b","Wenchi Crater Mountain Biking Trails","both","Oromia","Wenchi","wenchi crater","RESOLVED"
"df9dca52-8ed4-4611-b7ef-04776d976b17","Sankaber Campsite","both","Amhara","Debark","simien","RESOLVED"
"dfe26783-ecf8-4932-9e7e-be9054d0e8d3","Chichinia / Bole Road Shopping District","both","Addis Ababa","Bole","bole road","RESOLVED"
"e08c1b7d-f15f-4226-9a5f-3693faa2eb30","Turmi Public Town Center","both","South Ethiopia Regional State","Turmi","turmi","RESOLVED"
"e0ee99c1-c9fb-4dfd-b2cd-11b6d59fa054","Mount Gurage Alpine Peak Stargazing Site","both","Central Ethiopia Regional State","Welkite","gurage","RESOLVED"
"e0eff33d-15e7-414f-b4b1-b789a8c93d34","Nakuto Laab Cave Church","both","Amhara","Lalibela","lalibela","RESOLVED"
"e1382cdc-e501-45f4-9f90-7d38c112fe15","Grand Resort & Spa Wellness Wing","both","Amhara","Bahir Dar","grand resort","RESOLVED"
"e146f45b-dfc7-462c-975a-7e0ac0d35fb8","Filwoha Thermal Baths & Hydrotherapy Center","both","Addis Ababa","Kirkos","filwoha","RESOLVED"
"e161228f-f8bb-4d3c-b956-302608ba79ac","Yemrehanna Kristos Built Cave Church Interior","both","Amhara","Lalibela","yemrehanna kristos","RESOLVED"
"e16cab51-6ff7-4411-8838-d9c7f44a3a6d","Dallol Acid Pits & Desert Abandoned Mining Camp","city_only","Afar","Dallol","dallol","RESOLVED"
"e2094401-518e-4d27-9264-269f57b3ced2","Blue Nile Falls Village Hike","both","Amhara","Tis Abay","blue nile falls","RESOLVED"
"e29e1457-4de8-430d-af73-bfa7b7e3c8fc","Debre Birhan Selassie Church","both","Amhara","Debre Birhan","debre birhan","RESOLVED"
"e2bc4b10-628f-47d2-958e-b668cc85549e","Sora Lodge Backpackers Camp","both","Amhara","Lalibela","lalibela","RESOLVED"
"e2d4af36-94e9-4b2b-aaa3-79acec03717a","Gondar Fasilides Dungeon & Prison Ruins","both","Amhara","Gondar","gondar","RESOLVED"
"e2ee61b6-a524-49b4-86d6-bc8e3c455418","Wolisso Ambo Mineral Thermal Baths","both","Oromia","Waliso","wolisso","RESOLVED"
"e3442236-676c-47fc-b4ac-1a07a49cc3e9","Abijatta-Shalla Lakes Salt Flat Overland Route","city_only","Oromia","Arsi Negelle","rift-valley","RESOLVED"
"e36ccfb2-d9d8-4896-9acc-b67043d86c1c","Metahara Historical Rail Disaster Site","both","Oromia","Metehara","metahara","RESOLVED"
"e425980a-bc0c-48c0-88a0-42c35caf9007","Turmi Hamer Community Water & School Outposts","both","South Ethiopia Regional State","Turmi","turmi","RESOLVED"
"e5290277-feee-4b18-a0fb-09251f03e4cc","Debre Markos Tej Houses Circuit","both","Amhara","Debre Markos","debre markos","RESOLVED"
"e52c385f-efbd-441b-a870-46d78f57672d","Bati Cultural Camel & Livestock Market","both","Amhara","Bati","bati","RESOLVED"
"e5616ade-a78a-4848-8707-767599849de4","Lake Tana Wetland Protection Volunteer Bases","city_only","Amhara","Bahir Dar Special Zone","lake-tana","RESOLVED"
"e5a45217-8193-4c21-bbd7-7966c36992a5","Dire Dawa Railway Historic Museum","both","Dire Dawa","Dire Dawa","dire dawa","RESOLVED"
"e5b41c71-30d9-454f-b3fe-e78c346bb04e","Arba Minch Paradise Lodge Lakeside Dock","both","South Ethiopia Regional State","Arba Minch","paradise lodge","RESOLVED"
"e5c19409-7709-446d-8fc4-6cc5d63148f2","Debre Birhan High-Altitude Athletic Trail Network","both","Amhara","Debre Birhan","debre birhan","RESOLVED"
"e65e7f57-6eef-478b-8498-2f914684b727","Bishoftu Lake Hora Public Park","both","Oromia","Bishoftu","lake hora","RESOLVED"
"e65fb972-3b2e-4f44-b378-2d948e987d65","Bati Camel & Livestock Market","both","Amhara","Bati","bati","RESOLVED"
"e66176f0-f729-448a-aca2-77fd4ae714c5","Gatira Natural Hot Spring Pools","both","Oromia","Asella","gatira","RESOLVED"
"e6acf773-bd3b-4622-b2bf-4cfafa5128f1","Alatish Wilderness Celestial Observation Zone","both","Amhara","Alatish","alatish","RESOLVED"
"e6af91ca-a88f-4ee3-9d46-82bf64a02c56","Churchill Avenue Metropolitan Boulevard","both","Addis Ababa","Kirkos","churchill avenue","RESOLVED"
"e6cc1fdf-d513-4b90-b9e6-2021a93d2770","Woldiya Urban Center","both","Amhara","Woldia","woldiya","RESOLVED"
"e6dd5fbc-db07-4b35-bba3-98d9a31fb295","Bench Maji Honey & Spice Villages","both","South West Ethiopia Peoples","Mizan Aman","bench maji","RESOLVED"
"e716d533-bba5-4c25-9cae-9a803c2aa308","African Union Headquarters Conference Center (AUCC)","both","Addis Ababa","Kirkos","african union","RESOLVED"
"e79223a1-6dce-4a14-b44e-deeb2c28045c","Gura Ferda Misty Rainforest Valley Views","both","South West Ethiopia Peoples","Mizan Aman","gura ferda","RESOLVED"
"e7ae24aa-a8d8-4cd2-8e07-7d08d375b178","Gilgel Gibe III Reservoir Boating Launch","both","Oromia","Jimma","gibe","RESOLVED"
"e7c363de-1af4-452b-b4c4-9c74db93493a","Yayu Coffee Forest Biosphere Research Station","both","Oromia","Yayu","yayu","RESOLVED"
"e7e1ca0d-d70f-4ad8-9990-bea6c6731a80","Mount Guna Alpine Slopes (Highland Avifauna)","both","Amhara","Debre Tabor","mount guna","RESOLVED"
"e7e254b7-1000-462a-a259-0da538f5b711","Habesha 2000 Traditional Restaurant","both","Addis Ababa","Bole","habesha 2000","RESOLVED"
"e81feb9c-c32c-4a24-a4bd-0e0eec85baea","Bete Maryam Mausoleum","both","Addis Ababa","Kirkos","bete maryam","RESOLVED"
"e87aea51-547a-4d61-9a2b-23633a6efd90","Lake Abbe Salt Chimneys Stargazing Zone","city_only","Afar","Asaita","lake-abbe","RESOLVED"
"e87b2936-859d-416d-8b23-b4f78208f8ea","Menz Highland Wool Sheep Farming Estates","both","Amhara","North Shewa","menz","RESOLVED"
"e87ffaf7-af57-4323-a7c3-7bb4ae446e3a","Lewi Resort & Spa Conference Facilities","both","Sidama","Hawassa","lewi resort","RESOLVED"
"e8a409e6-5891-4fe6-8616-1f0561d86892","Zegie Peninsula Forest (Vervet Monkeys & Birds)","city_only","Amhara","Bahir Dar Special Zone","lake-tana","RESOLVED"
"e90392a8-2d5f-4483-9955-18a916528b95","Haile Resort Spa & Wellness Center","both","Sidama","Hawassa","hawassa","RESOLVED"
"ea95cafa-c224-4b52-99de-4e124eca5483","Lake Langano Deserted Beaches Night-Sky Point","city_only","Oromia","Langano","langano","RESOLVED"
"eb1d0d9e-7b02-4cf7-af59-450813aa3f3a","Melka Kunture Open Air Sacred Sites","both","Oromia","Melka Awash","melka kunture","RESOLVED"
"eb2e3e36-5bf3-452c-95b0-ab1937262da7","Debre Markos City Grounds","both","Amhara","Debre Markos","debre markos","RESOLVED"
"eba7e017-0af8-439a-a338-fb1f39de4e66","Gonderine Tejbet Route","both","Amhara","Gonder","gonder","RESOLVED"
"ebf1a4c1-7721-498d-891d-f315b78f02a6","Great Rift Valley Wall Paragliding","city_only","Oromia","Arsi Negelle","rift-valley","RESOLVED"
"ebf571b4-02ac-4d05-a9e4-03240d95c05b","Menelik II Referral Hospital & Eye Center","both","Addis Ababa","Addis Ketema","menelik ii","RESOLVED"
"ec0b4b39-c066-45e2-8866-0df91f8f5703","Adama General Hospital & Medical College","both","Oromia","Adama","adama","RESOLVED"
"ec45b60c-8984-4721-8ae2-fa2cb42338ac","Addis Ababa University Main Campus & Libraries","both","Addis Ababa","Addis Ababa","addis ababa","RESOLVED"
"ed02e462-6e16-418e-b34d-c2cedcf84deb","Edna Mall & Medhanealem Shopping Zone","both","Addis Ababa","Bole","edna mall","RESOLVED"
"ed96b619-8ac4-46dc-81ae-868b541e5960","Silte Cultural Heritage Zone","both","Central Ethiopia Regional State","Worabe","worabe","RESOLVED"
"edc5f20c-be22-4100-9eef-7812f6d79f01","Lake Langano Eco-Resorts Area","both","Oromia","Langano","lake langano","RESOLVED"
"ee082331-2520-4e5d-8ab7-d51a399353e5","Gorgora Debre Sina Maryam Church","both","Amhara","Gorgora","gorgora","RESOLVED"
"ee72cb82-67ef-47c7-8a66-898521f72dea","Abuna Yemata Guh Cliffside Church","both","Tigray","Halah Gheralta","abuna yemata","RESOLVED"
"eec44c92-342d-447e-bb7e-05e6363f86b9","Great Ethiopian Run Street Course","both","Addis Ababa","Addis Ababa","addis ababa","RESOLVED"
"eeefd997-3866-44c2-bd0e-91dfec7a9b65","Gofa Highland Fruit & Grain Farms","both","South Ethiopia Regional State","Sawla","sawla","RESOLVED"
"efba5d01-d208-4b19-b897-c156b7128c3f","Awi Agew Honey & Cattle Farms","both","Amhara","Injibara","agew","RESOLVED"
"f0027c6c-b9cc-474d-bf04-058fb4496ffd","Yirgacheffe Coffee Washing Stations & Cupping Grounds","both","South Ethiopia Regional State","Yirga Cheffe","yirgacheffe","RESOLVED"
"f00b827d-8d9d-4a02-adba-c6c1d60d1558","Kambaata Highland Farms","both","Central Ethiopia Regional State","Durame","kambaata","RESOLVED"
"f020dc2c-784a-4055-9936-a0ddc2cc2191","Bahir Dar University Maritime & Lake Tana Institute","both","Amhara","Bahir Dar","bahir dar","RESOLVED"
"f020e9ad-58c9-438f-b695-c59f443b6512","Mount Gara Muleta Forest Sanctuary","both","Harar","Harar","hararghe","RESOLVED"
"f02bd757-7a00-4d80-8858-21e2cbfe73bf","Gondar University Space & Physics Department Base","both","Amhara","Gondar","gondar","RESOLVED"
"f0368d9f-0208-439e-b7f3-354d921da1a1","Chencha Dorze Traditional Weaving Co-ops","both","South Ethiopia Regional State","Chencha","chencha","RESOLVED"
"f0466c41-21ac-49f8-8d7a-23a1dd97e87d","Yabello Sanctuary (Boran Bush-Crow & Prince Ruspolis Turaco)","both","Oromia","Yabēlo","yabello","RESOLVED"
"f078adc4-fc0e-45e4-b32f-957ff310e3eb","Lake Langano Bishangari Watercraft Dock","both","Oromia","Langano","lake langano","RESOLVED"
"f07fa47a-e4ce-47b0-8299-df90bfcc2562","Entoto Observatory and Space Science Research Center","both","Addis Ababa","Gulale","entoto","RESOLVED"
"f1364905-24d4-4be6-81cb-677c3d884297","Churchill Avenue Art & Souvenir Street","both","Addis Ababa","Kirkos","churchill avenue","RESOLVED"
"f17f41b3-119b-4238-bf27-bfd8a7967d50","Konso Cultural Landscape Museum","both","South Ethiopia Regional State","Konso","konso","RESOLVED"
"f1c602bd-c002-4115-b125-07efa6beaed2","Harmony Hotel MICE Suites","both","Addis Ababa","Bole","harmony hotel","RESOLVED"
"f1dba427-0151-4849-a4aa-d11007f5561f","Adwa Victory Memorial Complex","both","Tigray","Adwa","adwa","RESOLVED"
"f1e94284-9699-4c01-b031-18b1bd010ca0","National Museum of Ethiopia (Lucy / Dinkinesh Exhibit)","both","Addis Ababa","Addis Ketema","national museum","RESOLVED"
"f22e131e-f6ff-46fd-b62e-4ebfcc558a91","Lake Besaka Boat Safari Point","both","Oromia","Metehara","lake besaka","RESOLVED"
"f2349bdb-6eed-434d-8d05-ce735c27ecc3","Piazza Historic Colonial Architecture District","both","Addis Ababa","Addis Ketema","piazza","RESOLVED"
"f2a62849-1864-4f76-af5e-d5fee1a177ea","Century Mall Shopping Complex","both","Addis Ababa","Kirkos","century mall","RESOLVED"
"f2cf8403-c3f0-4603-baea-f72a479907b3","Abijatta-Shalla Salt Crust Plains","both","Oromia","Arsi Negelle","abijatta-shalla","RESOLVED"
"f2ec6eeb-5f2e-4321-90af-393ed36d7387","Bale Mountain Lodge","city_only","Oromia","Dinsho","bale-mountain","RESOLVED"
"f35da1ee-0a7f-4d44-81ac-d8f5260f8e44","Suri Body Painting & Cultural Portraits","both","South West Ethiopia Peoples","Mizan Aman","suri","RESOLVED"
"f361bd54-2e54-4135-a8a2-343e0870a03c","Shiro Meda Artisan District","both","Addis Ababa","Gulale","shiro meda","RESOLVED"
"f36fbf60-eda8-42f9-8e76-8910fbf1dbbf","CMC & Ayat Modern Residential Districts","both","Addis Ababa","Addis Ababa","addis ababa","RESOLVED"
"f3bedb08-8399-4461-85d5-34fd8057c78e","Radisson Blu Hotel Public Concourse","both","Addis Ababa","Kirkos","radisson blu","RESOLVED"
"f42a7d8d-a948-4176-be13-0f4f36be34f3","Tut Fela Megalithic Site","both","South Ethiopia Regional State","Wolaita Sodo","tut fela","RESOLVED"
"f43e0c0a-cd23-484d-a406-03dddfaca3ab","Bole Road (Cameroon St) Entertainment & Shopping District","both","Addis Ababa","Bole","bole road","RESOLVED"
"f4f95286-6786-41e9-b522-aa015246904a","Maze National Park River Trekking","both","South Ethiopia Regional State","Sawla","maze national","RESOLVED"
"f5019af9-5bc6-47e4-8b44-8accbd6baa67","Mizan Teferi Public Tea Garden Trail","both","South West Ethiopia Peoples","Mizan Aman","mizan teferi","RESOLVED"
"f529ccff-d391-4563-8af9-0df8519f3852","Woldiya Traditional Culinary Outlets","both","Amhara","Woldia","woldiya","RESOLVED"
"f542507f-3f8c-46fe-a308-e16f4f32959b","Battlefield of Embabo","both","Oromia","Nekemte","wollega","RESOLVED"
"f5c107b6-a5ae-4cd5-b074-4e2e8aada1dc","Axum Dunkur / Queen of Sheba Palace Ruins","both","Tigray","Axum","axum","RESOLVED"
"f69157ac-685f-4b5f-b0af-6b71347979f7","Korcho Karo Village Oromia River Loop Panorama","both","South Ethiopia Regional State","Omorate","karo village","RESOLVED"
"f694be04-381b-440a-9545-81543d975602","Wonchi Eco-Lodge Executive Meeting Facilities","both","Oromia","Wenchi","wonchi","RESOLVED"
"f6cb8c09-9a5b-409f-8f6c-8405a1459cfa","Ambo Town Center & Thermal District","both","Oromia","Ambo","ambo","RESOLVED"
"f6cf073d-078f-470a-93e6-aae295b800f0","Chencha Apple Orchards & Co-ops","both","South Ethiopia Regional State","Arba Minch","arba minch","RESOLVED"
"f6d8b632-3147-471e-86e7-093ab1c3ca64","Yayu Coffee Forest Biosphere Reserve","both","Oromia","Yayu","yayu","RESOLVED"
"f719cc5a-5aa3-4f16-b7c4-dad3732304ce","Lake Afambo & Lake Abbe Wetlands (Flamingos)","both","Afar","Asaita","lake abbe","RESOLVED"
"f74134b4-4bc5-4a9e-a55a-a3fcca665db5","Erta Ale Active Volcano Research Site","city_only","Afar","Dallol","erta-ale","RESOLVED"
"f7b2a94d-8716-4079-bea8-10fc20b7de92","Central Hawassa Hotel Main Level","both","Sidama","Hawassa","hawassa","RESOLVED"
"f80ad547-5744-4311-9968-43bbd54ed74e","Bole Medhanealem Urban Square","both","Addis Ababa","Bole","bole medhanealem","RESOLVED"
"f838def2-16ed-4546-b32f-97336cfd5fdb","Bale Mountains Sanetti Plateau","city_only","Oromia","Dinsho","bale mountains","RESOLVED"
"f8ae3391-2ecb-40d9-a797-060b45c8e45c","King Sahle Selassie Royal Residence Ruins","both","Amhara","Ankober","ankober","RESOLVED"
"f8f2ed1c-8207-428e-8c79-74753db23607","Mercato Exploration Walk","both","Addis Ababa","Addis Ketema","mercato","RESOLVED"
"f9c64f77-b388-4e33-8870-fbe0668e3643","Lake Hawassa Public Fish Market","both","Sidama","Hawassa","lake hawassa","RESOLVED"
"fa19f548-e5b2-4b6b-ab8b-9f11f8eee0b5","Addis Ababa University Main Campus Level Gardens","both","Addis Ababa","Addis Ababa","addis ababa","RESOLVED"
"faa1f17f-ab29-45cc-9b33-904ecf78289e","Millennium Hall Exhibition & Conference Center","both","Addis Ababa","Bole","millennium hall","RESOLVED"
"faa2b5ea-c52b-442e-b9fb-0f2221786936","Gidabo Thermal Springs Sanctuary","both","Sidama","Hawassa","gidabo","RESOLVED"
"faa9bc01-6952-41fd-bb5d-73e2a8c15a18","Korem Historical Famine Memorial Area","both","Tigray","Alamata","korem","RESOLVED"
"fad2e7fb-348d-4f00-ae5d-fa4254a97217","Century Mall Shopping Complex Elevators","both","Addis Ababa","Kirkos","century mall","RESOLVED"
"fae714ce-8f16-45a7-86a6-b11fb7f600ec","Posta Bet Stamp & Antique Collectors Market","both","Addis Ababa","Addis Ketema","posta bet","RESOLVED"
"fb09c840-17ec-4fd8-bb29-0df3d3c3e573","Pyramids Resort Flat Grounds","both","Oromia","Bishoftu","pyramids resort","RESOLVED"
"fb802d8c-6e47-4412-af36-e3ad6b44a8ef","Asheten Maryam Mountain Sunset View","both","Amhara","Lalibela","lalibela","RESOLVED"
"fc00cdd1-1699-4f5b-aed6-3f3482045951","Maze National Park Valley Viewpoints","both","South Ethiopia Regional State","Sawla","maze national","RESOLVED"
"fcb62da3-38a1-47f1-b2a2-16f25fc56ba3","Mother Teresas Missionaries of Charity","both","Addis Ababa","Addis Ababa","addis ababa","RESOLVED"
"fd153e00-5d73-4e0f-ae57-6c1630596485","Gondar University Medical & Heritage Research Center","both","Amhara","Gondar","gondar","RESOLVED"
"fd70affa-c62c-4892-8eed-fc976450ce69","Gibe Sheleko National Park","city_only","Oromia","Jimma","gibe-sheleko","RESOLVED"
"fd92a05a-3ab7-49ce-8c87-48a532c91c42","Lower Omo Valley","both","South Ethiopia Regional State","Jinka","omo valley","RESOLVED"
"fdde23d4-2203-4160-93cd-84a0d88274c5","Friendship Park Phase I & II","both","Addis Ababa","Bole","friendship park","RESOLVED"
"fdf6e1fb-0195-4081-b0e2-bb21501d95ae","Erta Ale Active Caldera","city_only","Afar","Dallol","erta-ale","RESOLVED"
"feb50060-1608-4cda-bf5f-d395da4818af","Langano Sabana Watersports Hub","city_only","Oromia","Langano","watersports","RESOLVED"
"fec97e8f-a3e5-4836-8ce3-ba981d8b1ff6","Holeta Agricultural Research Center & Dairy Farms","both","Oromia","Holeta","holeta","RESOLVED"
"fecbd9aa-4b22-48e3-b1d4-f450e2d3992f","Hawassa Haile Resort Lake Promenade","both","Sidama","Hawassa","hawassa","RESOLVED"
"ff8cbf83-f899-4c5c-aa5d-6c7796a0b61d","Erta Ale Lava Lake Night Photography","city_only","Afar","Dallol","erta-ale","RESOLVED"
"ffca54ea-b470-4b3b-ba34-3ca0e84517b7","Kambaata Cultural Terraces","both","Central Ethiopia Regional State","Durame","kambaata","RESOLVED"